"16,170,000원~",06.01,목,06.04,일
"2,327,353원~",06.01,목,06.04,일
"545,647원~",06.01,목,06.04,일
"1,409,058원~",06.01,목,06.04,일
"446,283원~",06.01,목,06.04,일
"1,650,105원~",06.01,목,06.04,일
"1,088,573원~",06.01,목,06.04,일
"232,842원~",06.01,목,06.04,일
"400,500원~",06.01,목,06.04,일
"215,702원~",06.01,목,06.04,일
"409,545원~",06.01,목,06.04,일
"186,888원~",06.01,목,06.04,일
"247,549원~",06.01,목,06.04,일
"232,033원~",06.01,목,06.04,일
"1,239,818원~",06.01,목,06.04,일
"141,114원~",06.01,목,06.04,일
"247,867원~",06.01,목,06.04,일
"557,885원~",06.01,목,06.04,일
"198,227원~",06.01,목,06.04,일
"850,808원~",06.01,목,06.04,일
"1,434,632원~",06.01,목,06.04,일
"223,557원~",06.01,목,06.04,일
"446,280원~",06.01,목,06.04,일
"200,208원~",06.01,목,06.04,일
"170,100원~",06.01,목,06.04,일
"304,550원~",06.01,목,06.04,일
"360,000원~",06.01,목,06.04,일
"259,090원~",06.01,목,06.04,일
"314,259원~",06.01,목,06.04,일
"360,000원~",06.01,목,06.04,일
"601,363원~",06.01,목,06.04,일
"254,545원~",06.01,목,06.04,일
"440,497원~",06.01,목,06.04,일
"574,889원~",06.01,목,06.04,일
"264,465원~",06.01,목,06.04,일
"343,636원~",06.01,목,06.04,일
"140,472원~",06.01,목,06.04,일
"436,363원~",06.01,목,06.04,일
"347,727원~",06.01,목,06.04,일
"301,654원~",06.01,목,06.04,일
"230,068원~",06.01,목,06.04,일
"433,635원~",06.01,목,06.04,일
"1,885,671원~",06.01,목,06.04,일
"496,190원~",06.01,목,06.04,일
"193,401원~",06.01,목,06.04,일
"231,586원~",06.01,목,06.04,일
"669,090원~",06.01,목,06.04,일
"408,181원~",06.01,목,06.04,일
"751,725원~",06.01,목,06.04,일
"196,363원~",06.01,목,06.04,일
"902,298원~",06.01,목,06.04,일
"139,988원~",06.01,목,06.04,일
"388,181원~",06.01,목,06.04,일
"161,160원~",06.01,목,06.04,일
"324,213원~",06.01,목,06.04,일
"1,096,330원~",06.01,목,06.04,일
"664,292원~",06.01,목,06.04,일
"150,000원~",06.01,목,06.04,일
"242,160원~",06.01,목,06.04,일
"420,468원~",06.01,목,06.04,일
"424,244원~",06.01,목,06.04,일
"169,363원~",06.01,목,06.04,일
"450,827원~",06.01,목,06.04,일
"181,479원~",06.01,목,06.04,일
"190,909원~",06.01,목,06.04,일
"313,025원~",06.01,목,06.04,일
"233,910원~",06.01,목,06.04,일
"557,818원~",06.01,목,06.04,일
"189,327원~",06.01,목,06.04,일
"104,669원~",06.01,목,06.04,일
"136,090원~",06.01,목,06.04,일
"752,727원~",06.01,목,06.04,일
"699,261원~",06.01,목,06.04,일
"186,300원~",06.01,목,06.04,일
"276,309원~",06.01,목,06.04,일
"142,812원~",06.01,목,06.04,일
"2,484,733원~",06.01,목,06.04,일
"232,641원~",06.01,목,06.04,일
"215,454원~",06.01,목,06.04,일
"467,562원~",06.01,목,06.04,일
"338,760원~",06.01,목,06.04,일
"296,622원~",06.01,목,06.04,일
"336,363원~",06.01,목,06.04,일
"289,064원~",06.01,목,06.04,일
"247,500원~",06.01,목,06.04,일
"334,561원~",06.01,목,06.04,일
"223,011원~",06.01,목,06.04,일
"448,760원~",06.01,목,06.04,일
"142,293원~",06.01,목,06.04,일
"185,455원~",06.01,목,06.04,일
"615,946원~",06.01,목,06.04,일
"272,727원~",06.01,목,06.04,일
"190,159원~",06.01,목,06.04,일
"1,854,545원~",06.01,목,06.04,일
"226,418원~",06.01,목,06.04,일
"349,731원~",06.01,목,06.04,일
"174,888원~",06.01,목,06.04,일
"207,012원~",06.01,목,06.04,일
"363,637원~",06.01,목,06.04,일
"128,888원~",06.01,목,06.04,일
"16,170,000원~",06.02,금,06.05,월
"1,557,000원~",06.02,금,06.05,월
"515,313원~",06.02,금,06.05,월
"1,066,116원~",06.02,금,06.05,월
"446,283원~",06.02,금,06.05,월
"1,765,714원~",06.02,금,06.05,월
"245,427원~",06.02,금,06.05,월
"436,909원~",06.02,금,06.05,월
"220,890원~",06.02,금,06.05,월
"482,955원~",06.02,금,06.05,월
"191,439원~",06.02,금,06.05,월
"122,727원~",06.02,금,06.05,월
"222,827원~",06.02,금,06.05,월
"1,276,744원~",06.02,금,06.05,월
"143,802원~",06.02,금,06.05,월
"276,062원~",06.02,금,06.05,월
"218,226원~",06.02,금,06.05,월
"588,999원~",06.02,금,06.05,월
"205,386원~",06.02,금,06.05,월
"942,113원~",06.02,금,06.05,월
"193,671원~",06.02,금,06.05,월
"218,562원~",06.02,금,06.05,월
"446,280원~",06.02,금,06.05,월
"200,208원~",06.02,금,06.05,월
"174,183원~",06.02,금,06.05,월
"479,962원~",06.02,금,06.05,월
"313,636원~",06.02,금,06.05,월
"405,000원~",06.02,금,06.05,월
"259,090원~",06.02,금,06.05,월
"239,227원~",06.02,금,06.05,월
"308,595원~",06.02,금,06.05,월
"588,636원~",06.02,금,06.05,월
"204,545원~",06.02,금,06.05,월
"977,045원~",06.02,금,06.05,월
"272,730원~",06.02,금,06.05,월
"391,700원~",06.02,금,06.05,월
"143,805원~",06.02,금,06.05,월
"463,636원~",06.02,금,06.05,월
"347,727원~",06.02,금,06.05,월
"301,654원~",06.02,금,06.05,월
"217,638원~",06.02,금,06.05,월
"451,817원~",06.02,금,06.05,월
"2,069,451원~",06.02,금,06.05,월
"196,485원~",06.02,금,06.05,월
"177,363원~",06.02,금,06.05,월
"687,272원~",06.02,금,06.05,월
"429,090원~",06.02,금,06.05,월
"177,272원~",06.02,금,06.05,월
"849,445원~",06.02,금,06.05,월
"196,363원~",06.02,금,06.05,월
"1,015,085원~",06.02,금,06.05,월
"143,900원~",06.02,금,06.05,월
"409,090원~",06.02,금,06.05,월
"161,160원~",06.02,금,06.05,월
"331,905원~",06.02,금,06.05,월
"1,124,401원~",06.02,금,06.05,월
"664,146원~",06.02,금,06.05,월
"150,000원~",06.02,금,06.05,월
"242,160원~",06.02,금,06.05,월
"169,363원~",06.02,금,06.05,월
"225,286원~",06.02,금,06.05,월
"177,225원~",06.02,금,06.05,월
"190,909원~",06.02,금,06.05,월
"322,048원~",06.02,금,06.05,월
"233,910원~",06.02,금,06.05,월
"579,273원~",06.02,금,06.05,월
"189,327원~",06.02,금,06.05,월
"96,039원~",06.02,금,06.05,월
"136,090원~",06.02,금,06.05,월
"945,000원~",06.02,금,06.05,월
"741,334원~",06.02,금,06.05,월
"186,300원~",06.02,금,06.05,월
"283,509원~",06.02,금,06.05,월
"142,812원~",06.02,금,06.05,월
"370,314원~",06.02,금,06.05,월
"215,454원~",06.02,금,06.05,월
"478,421원~",06.02,금,06.05,월
"270,672원~",06.02,금,06.05,월
"289,585원~",06.02,금,06.05,월
"400,000원~",06.02,금,06.05,월
"289,064원~",06.02,금,06.05,월
"257,400원~",06.02,금,06.05,월
"373,767원~",06.02,금,06.05,월
"226,344원~",06.02,금,06.05,월
"448,760원~",06.02,금,06.05,월
"142,362원~",06.02,금,06.05,월
"185,455원~",06.02,금,06.05,월
"615,946원~",06.02,금,06.05,월
"1,854,545원~",06.02,금,06.05,월
"221,349원~",06.02,금,06.05,월
"174,888원~",06.02,금,06.05,월
"202,416원~",06.02,금,06.05,월
"363,637원~",06.02,금,06.05,월
"128,888원~",06.02,금,06.05,월
"247,272원~",06.02,금,06.05,월
"832,074원~",06.02,금,06.05,월
"1,008,000원~",06.02,금,06.05,월
"417,816원~",06.02,금,06.05,월
"151,818원~",06.02,금,06.05,월
"162,894원~",06.02,금,06.05,월
"16,170,000원~",06.03,토,06.06,화
"1,611,000원~",06.03,토,06.06,화
"503,645원~",06.03,토,06.06,화
"1,051,137원~",06.03,토,06.06,화
"346,021원~",06.03,토,06.06,화
"446,283원~",06.03,토,06.06,화
"1,326,000원~",06.03,토,06.06,화
"1,834,284원~",06.03,토,06.06,화
"245,427원~",06.03,토,06.06,화
"458,755원~",06.03,토,06.06,화
"215,702원~",06.03,토,06.06,화
"498,409원~",06.03,토,06.06,화
"179,742원~",06.03,토,06.06,화
"122,727원~",06.03,토,06.06,화
"224,169원~",06.03,토,06.06,화
"1,203,667원~",06.03,토,06.06,화
"143,802원~",06.03,토,06.06,화
"291,609원~",06.03,토,06.06,화
"213,099원~",06.03,토,06.06,화
"332,628원~",06.03,토,06.06,화
"575,319원~",06.03,토,06.06,화
"230,591원~",06.03,토,06.06,화
"942,113원~",06.03,토,06.06,화
"190,897원~",06.03,토,06.06,화
"223,557원~",06.03,토,06.06,화
"446,280원~",06.03,토,06.06,화
"207,233원~",06.03,토,06.06,화
"170,100원~",06.03,토,06.06,화
"491,838원~",06.03,토,06.06,화
"313,636원~",06.03,토,06.06,화
"405,000원~",06.03,토,06.06,화
"259,090원~",06.03,토,06.06,화
"243,283원~",06.03,토,06.06,화
"223,209원~",06.03,토,06.06,화
"343,635원~",06.03,토,06.06,화
"575,909원~",06.03,토,06.06,화
"204,545원~",06.03,토,06.06,화
"940,909원~",06.03,토,06.06,화
"391,700원~",06.03,토,06.06,화
"140,472원~",06.03,토,06.06,화
"463,636원~",06.03,토,06.06,화
"339,545원~",06.03,토,06.06,화
"293,390원~",06.03,토,06.06,화
"230,068원~",06.03,토,06.06,화
"469,999원~",06.03,토,06.06,화
"2,020,362원~",06.03,토,06.06,화
"487,167원~",06.03,토,06.06,화
"193,401원~",06.03,토,06.06,화
"173,145원~",06.03,토,06.06,화
"687,272원~",06.03,토,06.06,화
"450,000원~",06.03,토,06.06,화
"177,272원~",06.03,토,06.06,화
"899,123원~",06.03,토,06.06,화
"196,363원~",06.03,토,06.06,화
"1,004,654원~",06.03,토,06.06,화
"147,355원~",06.03,토,06.06,화
"409,090원~",06.03,토,06.06,화
"161,160원~",06.03,토,06.06,화
"324,213원~",06.03,토,06.06,화
"1,081,514원~",06.03,토,06.06,화
"650,577원~",06.03,토,06.06,화
"150,000원~",06.03,토,06.06,화
"232,923원~",06.03,토,06.06,화
"169,363원~",06.03,토,06.06,화
"181,479원~",06.03,토,06.06,화
"190,909원~",06.03,토,06.06,화
"322,048원~",06.03,토,06.06,화
"223,740원~",06.03,토,06.06,화
"579,273원~",06.03,토,06.06,화
"189,327원~",06.03,토,06.06,화
"98,460원~",06.03,토,06.06,화
"136,090원~",06.03,토,06.06,화
"1,006,612원~",06.03,토,06.06,화
"741,334원~",06.03,토,06.06,화
"186,300원~",06.03,토,06.06,화
"284,025원~",06.03,토,06.06,화
"142,812원~",06.03,토,06.06,화
"362,130원~",06.03,토,06.06,화
"215,454원~",06.03,토,06.06,화
"454,752원~",06.03,토,06.06,화
"264,312원~",06.03,토,06.06,화
"296,622원~",06.03,토,06.06,화
"390,909원~",06.03,토,06.06,화
"289,064원~",06.03,토,06.06,화
"267,300원~",06.03,토,06.06,화
"382,848원~",06.03,토,06.06,화
"223,011원~",06.03,토,06.06,화
"423,967원~",06.03,토,06.06,화
"147,270원~",06.03,토,06.06,화
"185,455원~",06.03,토,06.06,화
"615,946원~",06.03,토,06.06,화
"1,854,545원~",06.03,토,06.06,화
"158,144원~",06.03,토,06.06,화
"174,888원~",06.03,토,06.06,화
"207,012원~",06.03,토,06.06,화
"345,455원~",06.03,토,06.06,화
"128,888원~",06.03,토,06.06,화
"256,363원~",06.03,토,06.06,화
"990,000원~",06.03,토,06.06,화
"417,816원~",06.03,토,06.06,화
"16,170,000원~",06.04,일,06.07,수
"546,619원~",06.04,일,06.07,수
"1,485,000원~",06.04,일,06.07,수
"472,532원~",06.04,일,06.07,수
"1,041,323원~",06.04,일,06.07,수
"323,840원~",06.04,일,06.07,수
"371,175원~",06.04,일,06.07,수
"277,291원~",06.04,일,06.07,수
"1,156,000원~",06.04,일,06.07,수
"392,234원~",06.04,일,06.07,수
"1,620,000원~",06.04,일,06.07,수
"1,457,142원~",06.04,일,06.07,수
"233,333원~",06.04,일,06.07,수
"317,551원~",06.04,일,06.07,수
"422,345원~",06.04,일,06.07,수
"215,702원~",06.04,일,06.07,수
"394,091원~",06.04,일,06.07,수
"7,108,816원~",06.04,일,06.07,수
"176,799원~",06.04,일,06.07,수
"122,727원~",06.04,일,06.07,수
"218,985원~",06.04,일,06.07,수
"327,273원~",06.04,일,06.07,수
"174,339원~",06.04,일,06.07,수
"412,191원~",06.04,일,06.07,수
"807,025원~",06.04,일,06.07,수
"143,802원~",06.04,일,06.07,수
"290,985원~",06.04,일,06.07,수
"218,226원~",06.04,일,06.07,수
"340,407원~",06.04,일,06.07,수
"588,999원~",06.04,일,06.07,수
"205,386원~",06.04,일,06.07,수
"267,712원~",06.04,일,06.07,수
"478,938원~",06.04,일,06.07,수
"891,303원~",06.04,일,06.07,수
"193,353원~",06.04,일,06.07,수
"218,562원~",06.04,일,06.07,수
"464,166원~",06.04,일,06.07,수
"446,280원~",06.04,일,06.07,수
"210,745원~",06.04,일,06.07,수
"174,183원~",06.04,일,06.07,수
"471,126원~",06.04,일,06.07,수
"193,598원~",06.04,일,06.07,수
"292,727원~",06.04,일,06.07,수
"278,264원~",06.04,일,06.07,수
"259,090원~",06.04,일,06.07,수
"243,283원~",06.04,일,06.07,수
"228,429원~",06.04,일,06.07,수
"351,644원~",06.04,일,06.07,수
"563,181원~",06.04,일,06.07,수
"204,545원~",06.04,일,06.07,수
"633,420원~",06.04,일,06.07,수
"270,989원~",06.04,일,06.07,수
"391,700원~",06.04,일,06.07,수
"140,665원~",06.04,일,06.07,수
"436,363원~",06.04,일,06.07,수
"331,364원~",06.04,일,06.07,수
"305,787원~",06.04,일,06.07,수
"230,068원~",06.04,일,06.07,수
"342,481원~",06.04,일,06.07,수
"469,999원~",06.04,일,06.07,수
"1,673,957원~",06.04,일,06.07,수
"709,996원~",06.04,일,06.07,수
"469,133원~",06.04,일,06.07,수
"193,038원~",06.04,일,06.07,수
"150,156원~",06.04,일,06.07,수
"177,363원~",06.04,일,06.07,수
"687,272원~",06.04,일,06.07,수
"187,691원~",06.04,일,06.07,수
"343,072원~",06.04,일,06.07,수
"1,055,010원~",06.04,일,06.07,수
"177,272원~",06.04,일,06.07,수
"791,856원~",06.04,일,06.07,수
"420,621원~",06.04,일,06.07,수
"192,069원~",06.04,일,06.07,수
"872,875원~",06.04,일,06.07,수
"136,705원~",06.04,일,06.07,수
"408,360원~",06.04,일,06.07,수
"161,160원~",06.04,일,06.07,수
"331,905원~",06.04,일,06.07,수
"1,094,013원~",06.04,일,06.07,수
"357,918원~",06.04,일,06.07,수
"150,000원~",06.04,일,06.07,수
"236,220원~",06.04,일,06.07,수
"169,363원~",06.04,일,06.07,수
"819,205원~",06.04,일,06.07,수
"177,225원~",06.04,일,06.07,수
"190,909원~",06.04,일,06.07,수
"313,025원~",06.04,일,06.07,수
"213,570원~",06.04,일,06.07,수
"579,273원~",06.04,일,06.07,수
"189,327원~",06.04,일,06.07,수
"88,251원~",06.04,일,06.07,수
"381,909원~",06.04,일,06.07,수
"136,090원~",06.04,일,06.07,수
"834,445원~",06.04,일,06.07,수
"726,818원~",06.04,일,06.07,수
"159,300원~",06.04,일,06.07,수
"283,509원~",06.04,일,06.07,수
"142,812원~",06.04,일,06.07,수
"370,314원~",06.04,일,06.07,수
"1,920,000원~",06.05,월,06.08,목
"16,170,000원~",06.05,월,06.08,목
"828,630원~",06.05,월,06.08,목
"541,260원~",06.05,월,06.08,목
"1,223,600원~",06.05,월,06.08,목
"455,031원~",06.05,월,06.08,목
"1,016,530원~",06.05,월,06.08,목
"1,114,132원~",06.05,월,06.08,목
"314,967원~",06.05,월,06.08,목
"284,850원~",06.05,월,06.08,목
"268,961원~",06.05,월,06.08,목
"833,000원~",06.05,월,06.08,목
"383,144원~",06.05,월,06.08,목
"1,260,000원~",06.05,월,06.08,목
"1,018,181원~",06.05,월,06.08,목
"220,257원~",06.05,월,06.08,목
"318,047원~",06.05,월,06.08,목
"500,000원~",06.05,월,06.08,목
"220,890원~",06.05,월,06.08,목
"309,091원~",06.05,월,06.08,목
"1,280,000원~",06.05,월,06.08,목
"6,954,462원~",06.05,월,06.08,목
"172,596원~",06.05,월,06.08,목
"122,727원~",06.05,월,06.08,목
"224,169원~",06.05,월,06.08,목
"327,273원~",06.05,월,06.08,목
"178,485원~",06.05,월,06.08,목
"412,191원~",06.05,월,06.08,목
"805,908원~",06.05,월,06.08,목
"143,802원~",06.05,월,06.08,목
"291,609원~",06.05,월,06.08,목
"213,099원~",06.05,월,06.08,목
"557,885원~",06.05,월,06.08,목
"194,151원~",06.05,월,06.08,목
"679,091원~",06.05,월,06.08,목
"259,346원~",06.05,월,06.08,목
"502,478원~",06.05,월,06.08,목
"652,593원~",06.05,월,06.08,목
"178,182원~",06.05,월,06.08,목
"1,454,545원~",06.05,월,06.08,목
"223,557원~",06.05,월,06.08,목
"1,553,557원~",06.05,월,06.08,목
"445,440원~",06.05,월,06.08,목
"475,470원~",06.05,월,06.08,목
"446,280원~",06.05,월,06.08,목
"576,860원~",06.05,월,06.08,목
"217,770원~",06.05,월,06.08,목
"381,818원~",06.05,월,06.08,목
"170,100원~",06.05,월,06.08,목
"278,360원~",06.05,월,06.08,목
"178,831원~",06.05,월,06.08,목
"253,149원~",06.05,월,06.08,목
"300,000원~",06.05,월,06.08,목
"243,283원~",06.05,월,06.08,목
"223,209원~",06.05,월,06.08,목
"385,132원~",06.05,월,06.08,목
"575,909원~",06.05,월,06.08,목
"207,764원~",06.05,월,06.08,목
"584,100원~",06.05,월,06.08,목
"574,889원~",06.05,월,06.08,목
"249,922원~",06.05,월,06.08,목
"343,636원~",06.05,월,06.08,목
"414,503원~",06.05,월,06.08,목
"140,472원~",06.05,월,06.08,목
"409,090원~",06.05,월,06.08,목
"331,364원~",06.05,월,06.08,목
"305,787원~",06.05,월,06.08,목
"230,068원~",06.05,월,06.08,목
"309,424원~",06.05,월,06.08,목
"451,817원~",06.05,월,06.08,목
"1,517,516원~",06.05,월,06.08,목
"709,996원~",06.05,월,06.08,목
"1,361,277원~",06.05,월,06.08,목
"451,100원~",06.05,월,06.08,목
"186,615원~",06.05,월,06.08,목
"150,156원~",06.05,월,06.08,목
"173,145원~",06.05,월,06.08,목
"270,000원~",06.05,월,06.08,목
"669,090원~",06.05,월,06.08,목
"198,825원~",06.05,월,06.08,목
"262,279원~",06.05,월,06.08,목
"177,180원~",06.05,월,06.08,목
"881,818원~",06.05,월,06.08,목
"545,454원~",06.05,월,06.08,목
"329,055원~",06.05,월,06.08,목
"172,727원~",06.05,월,06.08,목
"692,767원~",06.05,월,06.08,목
"530,764원~",06.05,월,06.08,목
"405,404원~",06.05,월,06.08,목
"746,745원~",06.05,월,06.08,목
"132,621원~",06.05,월,06.08,목
"1,508,793원~",06.05,월,06.08,목
"325,454원~",06.05,월,06.08,목
"169,424원~",06.05,월,06.08,목
"385,950원~",06.05,월,06.08,목
"324,213원~",06.05,월,06.08,목
"1,066,698원~",06.05,월,06.08,목
"359,172원~",06.05,월,06.08,목
"234,240원~",06.05,월,06.08,목
"321,818원~",06.05,월,06.08,목
"1,366,200원~",06.06,화,06.09,금
"16,170,000원~",06.06,화,06.09,금
"748,440원~",06.06,화,06.09,금
"925,631원~",06.06,화,06.09,금
"525,035원~",06.06,화,06.09,금
"317,358원~",06.06,화,06.09,금
"626,248원~",06.06,화,06.09,금
"218,015원~",06.06,화,06.09,금
"235,512원~",06.06,화,06.09,금
"260,631원~",06.06,화,06.09,금
"926,640원~",06.06,화,06.09,금
"705,500원~",06.06,화,06.09,금
"404,960원~",06.06,화,06.09,금
"1,108,800원~",06.06,화,06.09,금
"1,322,987원~",06.06,화,06.09,금
"207,664원~",06.06,화,06.09,금
"369,715원~",06.06,화,06.09,금
"2,381,770원~",06.06,화,06.09,금
"220,890원~",06.06,화,06.09,금
"255,000원~",06.06,화,06.09,금
"1,180,000원~",06.06,화,06.09,금
"8,181,818원~",06.06,화,06.09,금
"176,799원~",06.06,화,06.09,금
"178,515원~",06.06,화,06.09,금
"299,423원~",06.06,화,06.09,금
"122,727원~",06.06,화,06.09,금
"210,418원~",06.06,화,06.09,금
"218,985원~",06.06,화,06.09,금
"667,744원~",06.06,화,06.09,금
"309,174원~",06.06,화,06.09,금
"174,339원~",06.06,화,06.09,금
"237,006원~",06.06,화,06.09,금
"412,191원~",06.06,화,06.09,금
"699,954원~",06.06,화,06.09,금
"246,363원~",06.06,화,06.09,금
"143,802원~",06.06,화,06.09,금
"298,446원~",06.06,화,06.09,금
"553,303원~",06.06,화,06.09,금
"182,045원~",06.06,화,06.09,금
"501,995원~",06.06,화,06.09,금
"386,325원~",06.06,화,06.09,금
"679,091원~",06.06,화,06.09,금
"326,274원~",06.06,화,06.09,금
"479,337원~",06.06,화,06.09,금
"385,936원~",06.06,화,06.09,금
"652,593원~",06.06,화,06.09,금
"515,454원~",06.06,화,06.09,금
"1,363,635원~",06.06,화,06.09,금
"218,562원~",06.06,화,06.09,금
"765,764원~",06.06,화,06.09,금
"436,350원~",06.06,화,06.09,금
"464,166원~",06.06,화,06.09,금
"446,280원~",06.06,화,06.09,금
"547,109원~",06.06,화,06.09,금
"210,745원~",06.06,화,06.09,금
"174,183원~",06.06,화,06.09,금
"256,363원~",06.06,화,06.09,금
"185,740원~",06.06,화,06.09,금
"371,489원~",06.06,화,06.09,금
"230,133원~",06.06,화,06.09,금
"300,000원~",06.06,화,06.09,금
"229,938원~",06.06,화,06.09,금
"418,620원~",06.06,화,06.09,금
"588,636원~",06.06,화,06.09,금
"250,000원~",06.06,화,06.09,금
"534,600원~",06.06,화,06.09,금
"574,889원~",06.06,화,06.09,금
"240,711원~",06.06,화,06.09,금
"343,636원~",06.06,화,06.09,금
"414,503원~",06.06,화,06.09,금
"143,805원~",06.06,화,06.09,금
"381,818원~",06.06,화,06.09,금
"331,364원~",06.06,화,06.09,금
"305,787원~",06.06,화,06.09,금
"227,819원~",06.06,화,06.09,금
"284,631원~",06.06,화,06.09,금
"415,455원~",06.06,화,06.09,금
"1,434,819원~",06.06,화,06.09,금
"550,380원~",06.06,화,06.09,금
"204,545원~",06.06,화,06.09,금
"190,275원~",06.06,화,06.09,금
"150,156원~",06.06,화,06.09,금
"462,507원~",06.06,화,06.09,금
"177,363원~",06.06,화,06.09,금
"270,000원~",06.06,화,06.09,금
"229,500원~",06.06,화,06.09,금
"650,909원~",06.06,화,06.09,금
"187,691원~",06.06,화,06.09,금
"223,815원~",06.06,화,06.09,금
"172,986원~",06.06,화,06.09,금
"820,909원~",06.06,화,06.09,금
"466,363원~",06.06,화,06.09,금
"313,698원~",06.06,화,06.09,금
"168,181원~",06.06,화,06.09,금
"590,293원~",06.06,화,06.09,금
"350,000원~",06.06,화,06.09,금
"681,818원~",06.06,화,06.09,금
"129,510원~",06.06,화,06.09,금
"981,819원~",06.06,화,06.09,금
"367,272원~",06.06,화,06.09,금
"1,760,000원~",06.07,수,06.10,토
"16,170,000원~",06.07,수,06.10,토
"730,620원~",06.07,수,06.10,토
"925,631원~",06.07,수,06.10,토
"539,620원~",06.07,수,06.10,토
"337,192원~",06.07,수,06.10,토
"970,000원~",06.07,수,06.10,토
"583,934원~",06.07,수,06.10,토
"233,678원~",06.07,수,06.10,토
"224,382원~",06.07,수,06.10,토
"250,612원~",06.07,수,06.10,토
"268,961원~",06.07,수,06.10,토
"953,370원~",06.07,수,06.10,토
"748,000원~",06.07,수,06.10,토
"392,191원~",06.07,수,06.10,토
"1,159,200원~",06.07,수,06.10,토
"1,330,910원~",06.07,수,06.10,토
"213,966원~",06.07,수,06.10,토
"377,190원~",06.07,수,06.10,토
"2,303,306원~",06.07,수,06.10,토
"215,702원~",06.07,수,06.10,토
"306,000원~",06.07,수,06.10,토
"1,200,000원~",06.07,수,06.10,토
"179,742원~",06.07,수,06.10,토
"178,515원~",06.07,수,06.10,토
"292,716원~",06.07,수,06.10,토
"122,727원~",06.07,수,06.10,토
"226,636원~",06.07,수,06.10,토
"224,169원~",06.07,수,06.10,토
"651,904원~",06.07,수,06.10,토
"309,174원~",06.07,수,06.10,토
"178,485원~",06.07,수,06.10,토
"238,663원~",06.07,수,06.10,토
"371,314원~",06.07,수,06.10,토
"695,455원~",06.07,수,06.10,토
"250,909원~",06.07,수,06.10,토
"143,802원~",06.07,수,06.10,토
"291,609원~",06.07,수,06.10,토
"523,017원~",06.07,수,06.10,토
"182,045원~",06.07,수,06.10,토
"404,256원~",06.07,수,06.10,토
"845,456원~",06.07,수,06.10,토
"326,274원~",06.07,수,06.10,토
"479,337원~",06.07,수,06.10,토
"385,936원~",06.07,수,06.10,토
"693,088원~",06.07,수,06.10,토
"1,409,090원~",06.07,수,06.10,토
"223,557원~",06.07,수,06.10,토
"1,231,627원~",06.07,수,06.10,토
"445,440원~",06.07,수,06.10,토
"1,196,570원~",06.07,수,06.10,토
"475,470원~",06.07,수,06.10,토
"436,909원~",06.07,수,06.10,토
"535,539원~",06.07,수,06.10,토
"207,233원~",06.07,수,06.10,토
"170,100원~",06.07,수,06.10,토
"256,363원~",06.07,수,06.10,토
"181,625원~",06.07,수,06.10,토
"362,949원~",06.07,수,06.10,토
"231,887원~",06.07,수,06.10,토
"259,090원~",06.07,수,06.10,토
"231,287원~",06.07,수,06.10,토
"422,571원~",06.07,수,06.10,토
"601,363원~",06.07,수,06.10,토
"245,455원~",06.07,수,06.10,토
"554,400원~",06.07,수,06.10,토
"574,889원~",06.07,수,06.10,토
"242,527원~",06.07,수,06.10,토
"343,636원~",06.07,수,06.10,토
"442,275원~",06.07,수,06.10,토
"140,472원~",06.07,수,06.10,토
"409,090원~",06.07,수,06.10,토
"339,545원~",06.07,수,06.10,토
"293,390원~",06.07,수,06.10,토
"238,773원~",06.07,수,06.10,토
"219,753원~",06.07,수,06.10,토
"406,364원~",06.07,수,06.10,토
"1,400,784원~",06.07,수,06.10,토
"645,612원~",06.07,수,06.10,토
"213,636원~",06.07,수,06.10,토
"190,008원~",06.07,수,06.10,토
"150,156원~",06.07,수,06.10,토
"173,145원~",06.07,수,06.10,토
"278,512원~",06.07,수,06.10,토
"229,500원~",06.07,수,06.10,토
"646,363원~",06.07,수,06.10,토
"185,569원~",06.07,수,06.10,토
"229,125원~",06.07,수,06.10,토
"177,180원~",06.07,수,06.10,토
"875,454원~",06.07,수,06.10,토
"492,272원~",06.07,수,06.10,토
"317,667원~",06.07,수,06.10,토
"163,636원~",06.07,수,06.10,토
"633,807원~",06.07,수,06.10,토
"350,000원~",06.07,수,06.10,토
"721,839원~",06.07,수,06.10,토
"132,621원~",06.07,수,06.10,토
"470,249원~",06.07,수,06.10,토
"356,363원~",06.07,수,06.10,토
"385,950원~",06.07,수,06.10,토
"1,840,000원~",06.08,목,06.11,일
"16,170,000원~",06.08,목,06.11,일
"730,620원~",06.08,목,06.11,일
"960,845원~",06.08,목,06.11,일
"554,205원~",06.08,목,06.11,일
"357,026원~",06.08,목,06.11,일
"626,248원~",06.08,목,06.11,일
"232,997원~",06.08,목,06.11,일
"265,711원~",06.08,목,06.11,일
"508,653원~",06.08,목,06.11,일
"980,100원~",06.08,목,06.11,일
"824,500원~",06.08,목,06.11,일
"391,901원~",06.08,목,06.11,일
"1,296,000원~",06.08,목,06.11,일
"3,677,181원~",06.08,목,06.11,일
"220,721원~",06.08,목,06.11,일
"377,190원~",06.08,목,06.11,일
"2,303,306원~",06.08,목,06.11,일
"215,702원~",06.08,목,06.11,일
"333,818원~",06.08,목,06.11,일
"1,250,000원~",06.08,목,06.11,일
"191,439원~",06.08,목,06.11,일
"176,655원~",06.08,목,06.11,일
"122,727원~",06.08,목,06.11,일
"218,985원~",06.08,목,06.11,일
"810,000원~",06.08,목,06.11,일
"327,273원~",06.08,목,06.11,일
"174,339원~",06.08,목,06.11,일
"241,149원~",06.08,목,06.11,일
"404,340원~",06.08,목,06.11,일
"732,645원~",06.08,목,06.11,일
"250,909원~",06.08,목,06.11,일
"175,438원~",06.08,목,06.11,일
"298,446원~",06.08,목,06.11,일
"340,407원~",06.08,목,06.11,일
"588,999원~",06.08,목,06.11,일
"198,227원~",06.08,목,06.11,일
"382,607원~",06.08,목,06.11,일
"401,747원~",06.08,목,06.11,일
"891,571원~",06.08,목,06.11,일
"502,478원~",06.08,목,06.11,일
"385,936원~",06.08,목,06.11,일
"739,813원~",06.08,목,06.11,일
"1,454,545원~",06.08,목,06.11,일
"218,562원~",06.08,목,06.11,일
"454,530원~",06.08,목,06.11,일
"1,205,905원~",06.08,목,06.11,일
"464,166원~",06.08,목,06.11,일
"436,909원~",06.08,목,06.11,일
"547,109원~",06.08,목,06.11,일
"196,696원~",06.08,목,06.11,일
"174,183원~",06.08,목,06.11,일
"242,727원~",06.08,목,06.11,일
"182,882원~",06.08,목,06.11,일
"367,219원~",06.08,목,06.11,일
"253,149원~",06.08,목,06.11,일
"259,090원~",06.08,목,06.11,일
"369,213원~",06.08,목,06.11,일
"243,874원~",06.08,목,06.11,일
"385,132원~",06.08,목,06.11,일
"601,363원~",06.08,목,06.11,일
"245,455원~",06.08,목,06.11,일
"574,200원~",06.08,목,06.11,일
"574,889원~",06.08,목,06.11,일
"252,823원~",06.08,목,06.11,일
"264,465원~",06.08,목,06.11,일
"343,636원~",06.08,목,06.11,일
"462,514원~",06.08,목,06.11,일
"179,754원~",06.08,목,06.11,일
"436,363원~",06.08,목,06.11,일
"347,727원~",06.08,목,06.11,일
"301,654원~",06.08,목,06.11,일
"217,638원~",06.08,목,06.11,일
"228,018원~",06.08,목,06.11,일
"397,273원~",06.08,목,06.11,일
"1,494,603원~",06.08,목,06.11,일
"677,454원~",06.08,목,06.11,일
"222,727원~",06.08,목,06.11,일
"196,485원~",06.08,목,06.11,일
"150,156원~",06.08,목,06.11,일
"472,605원~",06.08,목,06.11,일
"177,363원~",06.08,목,06.11,일
"288,181원~",06.08,목,06.11,일
"229,500원~",06.08,목,06.11,일
"660,000원~",06.08,목,06.11,일
"174,747원~",06.08,목,06.11,일
"223,815원~",06.08,목,06.11,일
"172,986원~",06.08,목,06.11,일
"513,636원~",06.08,목,06.11,일
"336,924원~",06.08,목,06.11,일
"163,636원~",06.08,목,06.11,일
"734,266원~",06.08,목,06.11,일
"359,090원~",06.08,목,06.11,일
"766,953원~",06.08,목,06.11,일
"136,705원~",06.08,목,06.11,일
"1,574,038원~",06.08,목,06.11,일
"366,363원~",06.08,목,06.11,일
"427,273원~",06.08,목,06.11,일
"331,905원~",06.08,목,06.11,일
"1,124,401원~",06.08,목,06.11,일
"1,840,000원~",06.09,금,06.12,월
"16,170,000원~",06.09,금,06.12,월
"730,620원~",06.09,금,06.12,월
"518,153원~",06.09,금,06.12,월
"1,139,000원~",06.09,금,06.12,월
"466,699원~",06.09,금,06.12,월
"1,041,323원~",06.09,금,06.12,월
"605,091원~",06.09,금,06.12,월
"220,654원~",06.09,금,06.12,월
"259,289원~",06.09,금,06.12,월
"446,283원~",06.09,금,06.12,월
"1,006,830원~",06.09,금,06.12,월
"775,030원~",06.09,금,06.12,월
"383,144원~",06.09,금,06.12,월
"1,324,800원~",06.09,금,06.12,월
"917,145원~",06.09,금,06.12,월
"220,721원~",06.09,금,06.12,월
"318,195원~",06.09,금,06.12,월
"367,847원~",06.09,금,06.12,월
"378,655원~",06.09,금,06.12,월
"215,702원~",06.09,금,06.12,월
"341,545원~",06.09,금,06.12,월
"1,290,000원~",06.09,금,06.12,월
"186,888원~",06.09,금,06.12,월
"176,655원~",06.09,금,06.12,월
"122,727원~",06.09,금,06.12,월
"224,169원~",06.09,금,06.12,월
"810,000원~",06.09,금,06.12,월
"327,273원~",06.09,금,06.12,월
"178,485원~",06.09,금,06.12,월
"240,293원~",06.09,금,06.12,월
"396,489원~",06.09,금,06.12,월
"732,645원~",06.09,금,06.12,월
"240,909원~",06.09,금,06.12,월
"291,609원~",06.09,금,06.12,월
"213,099원~",06.09,금,06.12,월
"332,628원~",06.09,금,06.12,월
"575,319원~",06.09,금,06.12,월
"198,227원~",06.09,금,06.12,월
"339,000원~",06.09,금,06.12,월
"412,167원~",06.09,금,06.12,월
"891,571원~",06.09,금,06.12,월
"250,980원~",06.09,금,06.12,월
"490,604원~",06.09,금,06.12,월
"502,478원~",06.09,금,06.12,월
"385,936원~",06.09,금,06.12,월
"733,583원~",06.09,금,06.12,월
"1,454,545원~",06.09,금,06.12,월
"223,557원~",06.09,금,06.12,월
"359,070원~",06.09,금,06.12,월
"1,206,355원~",06.09,금,06.12,월
"475,470원~",06.09,금,06.12,월
"436,909원~",06.09,금,06.12,월
"510,744원~",06.09,금,06.12,월
"196,696원~",06.09,금,06.12,월
"400,000원~",06.09,금,06.12,월
"170,100원~",06.09,금,06.12,월
"242,727원~",06.09,금,06.12,월
"176,037원~",06.09,금,06.12,월
"292,727원~",06.09,금,06.12,월
"367,219원~",06.09,금,06.12,월
"253,149원~",06.09,금,06.12,월
"259,090원~",06.09,금,06.12,월
"370,359원~",06.09,금,06.12,월
"243,283원~",06.09,금,06.12,월
"238,090원~",06.09,금,06.12,월
"243,501원~",06.09,금,06.12,월
"301,776원~",06.09,금,06.12,월
"588,636원~",06.09,금,06.12,월
"190,909원~",06.09,금,06.12,월
"574,200원~",06.09,금,06.12,월
"574,889원~",06.09,금,06.12,월
"242,527원~",06.09,금,06.12,월
"264,465원~",06.09,금,06.12,월
"343,636원~",06.09,금,06.12,월
"462,514원~",06.09,금,06.12,월
"174,790원~",06.09,금,06.12,월
"436,363원~",06.09,금,06.12,월
"347,727원~",06.09,금,06.12,월
"470,207원~",06.09,금,06.12,월
"301,654원~",06.09,금,06.12,월
"222,954원~",06.09,금,06.12,월
"236,283원~",06.09,금,06.12,월
"397,273원~",06.09,금,06.12,월
"1,459,150원~",06.09,금,06.12,월
"532,497원~",06.09,금,06.12,월
"677,454원~",06.09,금,06.12,월
"222,727원~",06.09,금,06.12,월
"190,107원~",06.09,금,06.12,월
"190,008원~",06.09,금,06.12,월
"150,156원~",06.09,금,06.12,월
"472,605원~",06.09,금,06.12,월
"173,145원~",06.09,금,06.12,월
"288,181원~",06.09,금,06.12,월
"229,500원~",06.09,금,06.12,월
"673,636원~",06.09,금,06.12,월
"178,941원~",06.09,금,06.12,월
"229,125원~",06.09,금,06.12,월
"177,180원~",06.09,금,06.12,월
"513,636원~",06.09,금,06.12,월
"1,760,000원~",06.10,토,06.13,화
"16,170,000원~",06.10,토,06.13,화
"712,800원~",06.10,토,06.13,화
"508,093원~",06.10,토,06.13,화
"1,106,545원~",06.10,토,06.13,화
"452,114원~",06.10,토,06.13,화
"1,016,530원~",06.10,토,06.13,화
"615,669원~",06.10,토,06.13,화
"213,636원~",06.10,토,06.13,화
"237,826원~",06.10,토,06.13,화
"275,363원~",06.10,토,06.13,화
"1,036,690원~",06.10,토,06.13,화
"391,901원~",06.10,토,06.13,화
"1,216,800원~",06.10,토,06.13,화
"857,145원~",06.10,토,06.13,화
"213,966원~",06.10,토,06.13,화
"318,195원~",06.10,토,06.13,화
"367,847원~",06.10,토,06.13,화
"364,091원~",06.10,토,06.13,화
"215,702원~",06.10,토,06.13,화
"296,727원~",06.10,토,06.13,화
"1,240,000원~",06.10,토,06.13,화
"184,119원~",06.10,토,06.13,화
"176,655원~",06.10,토,06.13,화
"218,985원~",06.10,토,06.13,화
"810,000원~",06.10,토,06.13,화
"327,273원~",06.10,토,06.13,화
"174,339원~",06.10,토,06.13,화
"237,807원~",06.10,토,06.13,화
"906,820원~",06.10,토,06.13,화
"695,455원~",06.10,토,06.13,화
"240,909원~",06.10,토,06.13,화
"305,907원~",06.10,토,06.13,화
"218,226원~",06.10,토,06.13,화
"588,999원~",06.10,토,06.13,화
"198,227원~",06.10,토,06.13,화
"308,181원~",06.10,토,06.13,화
"394,036원~",06.10,토,06.13,화
"845,456원~",06.10,토,06.13,화
"259,346원~",06.10,토,06.13,화
"455,031원~",06.10,토,06.13,화
"479,337원~",06.10,토,06.13,화
"385,936원~",06.10,토,06.13,화
"686,858원~",06.10,토,06.13,화
"1,409,090원~",06.10,토,06.13,화
"218,562원~",06.10,토,06.13,화
"445,440원~",06.10,토,06.13,화
"464,166원~",06.10,토,06.13,화
"436,909원~",06.10,토,06.13,화
"510,744원~",06.10,토,06.13,화
"196,696원~",06.10,토,06.13,화
"390,909원~",06.10,토,06.13,화
"174,183원~",06.10,토,06.13,화
"229,090원~",06.10,토,06.13,화
"180,024원~",06.10,토,06.13,화
"271,818원~",06.10,토,06.13,화
"362,949원~",06.10,토,06.13,화
"230,133원~",06.10,토,06.13,화
"259,090원~",06.10,토,06.13,화
"345,602원~",06.10,토,06.13,화
"243,283원~",06.10,토,06.13,화
"236,906원~",06.10,토,06.13,화
"249,195원~",06.10,토,06.13,화
"343,635원~",06.10,토,06.13,화
"575,909원~",06.10,토,06.13,화
"190,909원~",06.10,토,06.13,화
"554,400원~",06.10,토,06.13,화
"574,889원~",06.10,토,06.13,화
"245,253원~",06.10,토,06.13,화
"256,200원~",06.10,토,06.13,화
"343,636원~",06.10,토,06.13,화
"434,742원~",06.10,토,06.13,화
"179,754원~",06.10,토,06.13,화
"409,090원~",06.10,토,06.13,화
"339,545원~",06.10,토,06.13,화
"439,926원~",06.10,토,06.13,화
"293,390원~",06.10,토,06.13,화
"222,954원~",06.10,토,06.13,화
"236,283원~",06.10,토,06.13,화
"388,182원~",06.10,토,06.13,화
"1,341,312원~",06.10,토,06.13,화
"507,141원~",06.10,토,06.13,화
"645,612원~",06.10,토,06.13,화
"399,174원~",06.10,토,06.13,화
"213,636원~",06.10,토,06.13,화
"189,591원~",06.10,토,06.13,화
"150,156원~",06.10,토,06.13,화
"468,082원~",06.10,토,06.13,화
"177,363원~",06.10,토,06.13,화
"279,090원~",06.10,토,06.13,화
"229,500원~",06.10,토,06.13,화
"660,000원~",06.10,토,06.13,화
"174,747원~",06.10,토,06.13,화
"223,815원~",06.10,토,06.13,화
"172,986원~",06.10,토,06.13,화
"492,272원~",06.10,토,06.13,화
"325,311원~",06.10,토,06.13,화
"163,636원~",06.10,토,06.13,화
"676,677원~",06.10,토,06.13,화
"428,182원~",06.10,토,06.13,화
"1,415,700원~",06.11,일,06.14,수
"16,170,000원~",06.11,일,06.14,수
"686,070원~",06.11,일,06.14,수
"508,093원~",06.11,일,06.14,수
"1,058,000원~",06.11,일,06.14,수
"437,529원~",06.11,일,06.14,수
"991,737원~",06.11,일,06.14,수
"863,300원~",06.11,일,06.14,수
"573,355원~",06.11,일,06.14,수
"186,943원~",06.11,일,06.14,수
"204,545원~",06.11,일,06.14,수
"216,364원~",06.11,일,06.14,수
"275,363원~",06.11,일,06.14,수
"981,517원~",06.11,일,06.14,수
"404,960원~",06.11,일,06.14,수
"1,080,000원~",06.11,일,06.14,수
"754,286원~",06.11,일,06.14,수
"207,664원~",06.11,일,06.14,수
"318,195원~",06.11,일,06.14,수
"363,843원~",06.11,일,06.14,수
"436,364원~",06.11,일,06.14,수
"220,890원~",06.11,일,06.14,수
"278,182원~",06.11,일,06.14,수
"1,190,000원~",06.11,일,06.14,수
"632,727원~",06.11,일,06.14,수
"172,596원~",06.11,일,06.14,수
"176,655원~",06.11,일,06.14,수
"224,182원~",06.11,일,06.14,수
"224,169원~",06.11,일,06.14,수
"684,498원~",06.11,일,06.14,수
"327,273원~",06.11,일,06.14,수
"178,485원~",06.11,일,06.14,수
"235,321원~",06.11,일,06.14,수
"883,266원~",06.11,일,06.14,수
"658,264원~",06.11,일,06.14,수
"231,818원~",06.11,일,06.14,수
"291,609원~",06.11,일,06.14,수
"213,099원~",06.11,일,06.14,수
"523,017원~",06.11,일,06.14,수
"182,045원~",06.11,일,06.14,수
"277,363원~",06.11,일,06.14,수
"396,345원~",06.11,일,06.14,수
"679,091원~",06.11,일,06.14,수
"267,712원~",06.11,일,06.14,수
"441,624원~",06.11,일,06.14,수
"456,195원~",06.11,일,06.14,수
"385,936원~",06.11,일,06.14,수
"627,673원~",06.11,일,06.14,수
"1,363,635원~",06.11,일,06.14,수
"223,557원~",06.11,일,06.14,수
"1,192,828원~",06.11,일,06.14,수
"436,350원~",06.11,일,06.14,수
"475,470원~",06.11,일,06.14,수
"436,909원~",06.11,일,06.14,수
"502,480원~",06.11,일,06.14,수
"200,208원~",06.11,일,06.14,수
"381,818원~",06.11,일,06.14,수
"170,100원~",06.11,일,06.14,수
"215,454원~",06.11,일,06.14,수
"176,037원~",06.11,일,06.14,수
"250,909원~",06.11,일,06.14,수
"200,787원~",06.11,일,06.14,수
"207,119원~",06.11,일,06.14,수
"259,090원~",06.11,일,06.14,수
"306,295원~",06.11,일,06.14,수
"243,283원~",06.11,일,06.14,수
"224,484원~",06.11,일,06.14,수
"243,501원~",06.11,일,06.14,수
"343,635원~",06.11,일,06.14,수
"575,909원~",06.11,일,06.14,수
"190,909원~",06.11,일,06.14,수
"534,600원~",06.11,일,06.14,수
"574,889원~",06.11,일,06.14,수
"235,133원~",06.11,일,06.14,수
"247,935원~",06.11,일,06.14,수
"343,636원~",06.11,일,06.14,수
"414,503원~",06.11,일,06.14,수
"137,352원~",06.11,일,06.14,수
"381,818원~",06.11,일,06.14,수
"331,364원~",06.11,일,06.14,수
"378,480원~",06.11,일,06.14,수
"285,126원~",06.11,일,06.14,수
"228,018원~",06.11,일,06.14,수
"379,091원~",06.11,일,06.14,수
"1,257,114원~",06.11,일,06.14,수
"481,785원~",06.11,일,06.14,수
"346,290원~",06.11,일,06.14,수
"399,174원~",06.11,일,06.14,수
"204,545원~",06.11,일,06.14,수
"183,222원~",06.11,일,06.14,수
"150,156원~",06.11,일,06.14,수
"456,361원~",06.11,일,06.14,수
"173,145원~",06.11,일,06.14,수
"270,000원~",06.11,일,06.14,수
"229,500원~",06.11,일,06.14,수
"646,363원~",06.11,일,06.14,수
"178,941원~",06.11,일,06.14,수
"229,125원~",06.11,일,06.14,수
"177,180원~",06.11,일,06.14,수
"818,181원~",06.11,일,06.14,수
"1,366,200원~",06.12,월,06.15,목
"16,170,000원~",06.12,월,06.15,목
"659,340원~",06.12,월,06.15,목
"518,153원~",06.12,월,06.15,목
"1,039,600원~",06.12,월,06.15,목
"437,529원~",06.12,월,06.15,목
"445,203원~",06.12,월,06.15,목
"991,737원~",06.12,월,06.15,목
"824,500원~",06.12,월,06.15,목
"562,777원~",06.12,월,06.15,목
"201,323원~",06.12,월,06.15,목
"227,272원~",06.12,월,06.15,목
"216,364원~",06.12,월,06.15,목
"283,636원~",06.12,월,06.15,목
"945,753원~",06.12,월,06.15,목
"1,198,500원~",06.12,월,06.15,목
"341,675원~",06.12,월,06.15,목
"979,200원~",06.12,월,06.15,목
"737,143원~",06.12,월,06.15,목
"207,664원~",06.12,월,06.15,목
"318,195원~",06.12,월,06.15,목
"363,596원~",06.12,월,06.15,목
"436,364원~",06.12,월,06.15,목
"220,890원~",06.12,월,06.15,목
"278,182원~",06.12,월,06.15,목
"1,140,000원~",06.12,월,06.15,목
"632,727원~",06.12,월,06.15,목
"176,799원~",06.12,월,06.15,목
"176,655원~",06.12,월,06.15,목
"141,136원~",06.12,월,06.15,목
"227,455원~",06.12,월,06.15,목
"218,985원~",06.12,월,06.15,목
"701,130원~",06.12,월,06.15,목
"309,174원~",06.12,월,06.15,목
"174,339원~",06.12,월,06.15,목
"236,177원~",06.12,월,06.15,목
"883,266원~",06.12,월,06.15,목
"724,092원~",06.12,월,06.15,목
"250,909원~",06.12,월,06.15,목
"298,446원~",06.12,월,06.15,목
"218,226원~",06.12,월,06.15,목
"535,455원~",06.12,월,06.15,목
"182,045원~",06.12,월,06.15,목
"386,325원~",06.12,월,06.15,목
"679,091원~",06.12,월,06.15,목
"276,078원~",06.12,월,06.15,목
"431,124원~",06.12,월,06.15,목
"456,195원~",06.12,월,06.15,목
"385,936원~",06.12,월,06.15,목
"615,213원~",06.12,월,06.15,목
"1,363,635원~",06.12,월,06.15,목
"218,562원~",06.12,월,06.15,목
"753,480원~",06.12,월,06.15,목
"436,350원~",06.12,월,06.15,목
"464,166원~",06.12,월,06.15,목
"436,909원~",06.12,월,06.15,목
"494,216원~",06.12,월,06.15,목
"200,208원~",06.12,월,06.15,목
"174,183원~",06.12,월,06.15,목
"215,454원~",06.12,월,06.15,목
"180,024원~",06.12,월,06.15,목
"196,014원~",06.12,월,06.15,목
"207,119원~",06.12,월,06.15,목
"259,090원~",06.12,월,06.15,목
"306,295원~",06.12,월,06.15,목
"243,283원~",06.12,월,06.15,목
"229,938원~",06.12,월,06.15,목
"249,195원~",06.12,월,06.15,목
"360,000원~",06.12,월,06.15,목
"588,636원~",06.12,월,06.15,목
"190,909원~",06.12,월,06.15,목
"534,600원~",06.12,월,06.15,목
"574,889원~",06.12,월,06.15,목
"240,711원~",06.12,월,06.15,목
"247,935원~",06.12,월,06.15,목
"343,636원~",06.12,월,06.15,목
"414,503원~",06.12,월,06.15,목
"143,805원~",06.12,월,06.15,목
"381,818원~",06.12,월,06.15,목
"331,364원~",06.12,월,06.15,목
"376,380원~",06.12,월,06.15,목
"285,126원~",06.12,월,06.15,목
"219,753원~",06.12,월,06.15,목
"379,091원~",06.12,월,06.15,목
"1,287,660원~",06.12,월,06.15,목
"481,785원~",06.12,월,06.15,목
"613,770원~",06.12,월,06.15,목
"399,174원~",06.12,월,06.15,목
"204,545원~",06.12,월,06.15,목
"187,686원~",06.12,월,06.15,목
"150,156원~",06.12,월,06.15,목
"456,361원~",06.12,월,06.15,목
"177,363원~",06.12,월,06.15,목
"270,000원~",06.12,월,06.15,목
"229,500원~",06.12,월,06.15,목
"632,727원~",06.12,월,06.15,목
"181,219원~",06.12,월,06.15,목
"223,815원~",06.12,월,06.15,목
"172,986원~",06.12,월,06.15,목
"818,181원~",06.12,월,06.15,목
"1,386,000원~",06.13,화,06.16,금
"16,170,000원~",06.13,화,06.16,금
"650,430원~",06.13,화,06.16,금
"538,275원~",06.13,화,06.16,금
"1,039,600원~",06.13,화,06.16,금
"444,822원~",06.13,화,06.16,금
"467,603원~",06.13,화,06.16,금
"317,358원~",06.13,화,06.16,금
"824,500원~",06.13,화,06.16,금
"552,198원~",06.13,화,06.16,금
"215,703원~",06.13,화,06.16,금
"250,000원~",06.13,화,06.16,금
"216,364원~",06.13,화,06.16,금
"283,636원~",06.13,화,06.16,금
"937,958원~",06.13,화,06.16,금
"969,000원~",06.13,화,06.16,금
"341,675원~",06.13,화,06.16,금
"950,400원~",06.13,화,06.16,금
"737,143원~",06.13,화,06.16,금
"207,664원~",06.13,화,06.16,금
"312,153원~",06.13,화,06.16,금
"366,000원~",06.13,화,06.16,금
"436,364원~",06.13,화,06.16,금
"215,702원~",06.13,화,06.16,금
"278,182원~",06.13,화,06.16,금
"1,150,000원~",06.13,화,06.16,금
"632,727원~",06.13,화,06.16,금
"172,596원~",06.13,화,06.16,금
"176,655원~",06.13,화,06.16,금
"122,727원~",06.13,화,06.16,금
"226,636원~",06.13,화,06.16,금
"224,169원~",06.13,화,06.16,금
"684,498원~",06.13,화,06.16,금
"309,174원~",06.13,화,06.16,금
"178,485원~",06.13,화,06.16,금
"236,177원~",06.13,화,06.16,금
"633,822원~",06.13,화,06.16,금
"658,264원~",06.13,화,06.16,금
"256,363원~",06.13,화,06.16,금
"284,319원~",06.13,화,06.16,금
"213,099원~",06.13,화,06.16,금
"523,017원~",06.13,화,06.16,금
"182,045원~",06.13,화,06.16,금
"412,118원~",06.13,화,06.16,금
"679,091원~",06.13,화,06.16,금
"276,078원~",06.13,화,06.16,금
"441,624원~",06.13,화,06.16,금
"456,195원~",06.13,화,06.16,금
"385,936원~",06.13,화,06.16,금
"602,753원~",06.13,화,06.16,금
"1,363,635원~",06.13,화,06.16,금
"223,557원~",06.13,화,06.16,금
"711,165원~",06.13,화,06.16,금
"436,350원~",06.13,화,06.16,금
"1,207,924원~",06.13,화,06.16,금
"436,909원~",06.13,화,06.16,금
"514,051원~",06.13,화,06.16,금
"200,208원~",06.13,화,06.16,금
"170,100원~",06.13,화,06.16,금
"215,454원~",06.13,화,06.16,금
"176,037원~",06.13,화,06.16,금
"200,787원~",06.13,화,06.16,금
"207,119원~",06.13,화,06.16,금
"259,090원~",06.13,화,06.16,금
"306,295원~",06.13,화,06.16,금
"243,283원~",06.13,화,06.16,금
"191,832원~",06.13,화,06.16,금
"223,209원~",06.13,화,06.16,금
"601,363원~",06.13,화,06.16,금
"190,909원~",06.13,화,06.16,금
"534,600원~",06.13,화,06.16,금
"574,889원~",06.13,화,06.16,금
"235,133원~",06.13,화,06.16,금
"247,935원~",06.13,화,06.16,금
"343,636원~",06.13,화,06.16,금
"399,810원~",06.13,화,06.16,금
"137,155원~",06.13,화,06.16,금
"381,818원~",06.13,화,06.16,금
"331,364원~",06.13,화,06.16,금
"385,329원~",06.13,화,06.16,금
"285,126원~",06.13,화,06.16,금
"256,105원~",06.13,화,06.16,금
"216,364원~",06.13,화,06.16,금
"424,544원~",06.13,화,06.16,금
"1,257,114원~",06.13,화,06.16,금
"613,770원~",06.13,화,06.16,금
"399,174원~",06.13,화,06.16,금
"218,181원~",06.13,화,06.16,금
"503,415원~",06.13,화,06.16,금
"186,615원~",06.13,화,06.16,금
"150,156원~",06.13,화,06.16,금
"173,145원~",06.13,화,06.16,금
"270,000원~",06.13,화,06.16,금
"229,500원~",06.13,화,06.16,금
"632,727원~",06.13,화,06.16,금
"192,197원~",06.13,화,06.16,금
"229,125원~",06.13,화,06.16,금
"177,180원~",06.13,화,06.16,금
"818,181원~",06.13,화,06.16,금
"466,363원~",06.13,화,06.16,금
"1,680,000원~",06.14,수,06.17,토
"16,170,000원~",06.14,수,06.17,토
"686,070원~",06.14,수,06.17,토
"538,275원~",06.14,수,06.17,토
"1,067,200원~",06.14,수,06.17,토
"466,698원~",06.14,수,06.17,토
"484,403원~",06.14,수,06.17,토
"337,192원~",06.14,수,06.17,토
"902,100원~",06.14,수,06.17,토
"594,512원~",06.14,수,06.17,토
"222,893원~",06.14,수,06.17,토
"268,181원~",06.14,수,06.17,토
"229,149원~",06.14,수,06.17,토
"513,225원~",06.14,수,06.17,토
"873,180원~",06.14,수,06.17,토
"960,500원~",06.14,수,06.17,토
"392,234원~",06.14,수,06.17,토
"1,051,200원~",06.14,수,06.17,토
"814,286원~",06.14,수,06.17,토
"213,966원~",06.14,수,06.17,토
"318,195원~",06.14,수,06.17,토
"454,545원~",06.14,수,06.17,토
"215,702원~",06.14,수,06.17,토
"312,182원~",06.14,수,06.17,토
"1,200,000원~",06.14,수,06.17,토
"678,181원~",06.14,수,06.17,토
"184,119원~",06.14,수,06.17,토
"176,655원~",06.14,수,06.17,토
"122,727원~",06.14,수,06.17,토
"218,985원~",06.14,수,06.17,토
"309,174원~",06.14,수,06.17,토
"174,339원~",06.14,수,06.17,토
"238,663원~",06.14,수,06.17,토
"906,820원~",06.14,수,06.17,토
"695,455원~",06.14,수,06.17,토
"258,181원~",06.14,수,06.17,토
"290,985원~",06.14,수,06.17,토
"218,226원~",06.14,수,06.17,토
"535,455원~",06.14,수,06.17,토
"182,045원~",06.14,수,06.17,토
"426,559원~",06.14,수,06.17,토
"1,227,272원~",06.14,수,06.17,토
"276,078원~",06.14,수,06.17,토
"455,031원~",06.14,수,06.17,토
"479,337원~",06.14,수,06.17,토
"385,936원~",06.14,수,06.17,토
"649,478원~",06.14,수,06.17,토
"200,989원~",06.14,수,06.17,토
"1,409,090원~",06.14,수,06.17,토
"218,562원~",06.14,수,06.17,토
"1,587,091원~",06.14,수,06.17,토
"349,980원~",06.14,수,06.17,토
"1,247,483원~",06.14,수,06.17,토
"436,909원~",06.14,수,06.17,토
"533,886원~",06.14,수,06.17,토
"200,208원~",06.14,수,06.17,토
"174,183원~",06.14,수,06.17,토
"229,090원~",06.14,수,06.17,토
"180,024원~",06.14,수,06.17,토
"200,097원~",06.14,수,06.17,토
"230,133원~",06.14,수,06.17,토
"259,090원~",06.14,수,06.17,토
"335,850원~",06.14,수,06.17,토
"243,283원~",06.14,수,06.17,토
"236,906원~",06.14,수,06.17,토
"228,429원~",06.14,수,06.17,토
"601,363원~",06.14,수,06.17,토
"190,909원~",06.14,수,06.17,토
"554,400원~",06.14,수,06.17,토
"574,889원~",06.14,수,06.17,토
"240,711원~",06.14,수,06.17,토
"256,200원~",06.14,수,06.17,토
"343,636원~",06.14,수,06.17,토
"434,742원~",06.14,수,06.17,토
"140,497원~",06.14,수,06.17,토
"409,090원~",06.14,수,06.17,토
"339,545원~",06.14,수,06.17,토
"421,089원~",06.14,수,06.17,토
"293,390원~",06.14,수,06.17,토
"221,184원~",06.14,수,06.17,토
"224,629원~",06.14,수,06.17,토
"451,817원~",06.14,수,06.17,토
"1,287,660원~",06.14,수,06.17,토
"645,612원~",06.14,수,06.17,토
"240,909원~",06.14,수,06.17,토
"193,038원~",06.14,수,06.17,토
"150,156원~",06.14,수,06.17,토
"536,177원~",06.14,수,06.17,토
"177,363원~",06.14,수,06.17,토
"279,090원~",06.14,수,06.17,토
"229,500원~",06.14,수,06.17,토
"646,363원~",06.14,수,06.17,토
"187,691원~",06.14,수,06.17,토
"223,815원~",06.14,수,06.17,토
"179,465원~",06.14,수,06.17,토
"872,727원~",06.14,수,06.17,토
"492,272원~",06.14,수,06.17,토
"325,311원~",06.14,수,06.17,토
"163,636원~",06.14,수,06.17,토
"619,087원~",06.14,수,06.17,토
"1,840,000원~",06.15,목,06.18,일
"16,170,000원~",06.15,목,06.18,일
"721,710원~",06.15,목,06.18,일
"948,545원~",06.15,목,06.18,일
"1,122,400원~",06.15,목,06.18,일
"488,575원~",06.15,목,06.18,일
"495,603원~",06.15,목,06.18,일
"357,026원~",06.15,목,06.18,일
"989,400원~",06.15,목,06.18,일
"668,562원~",06.15,목,06.18,일
"219,298원~",06.15,목,06.18,일
"220,655원~",06.15,목,06.18,일
"280,855원~",06.15,목,06.18,일
"513,225원~",06.15,목,06.18,일
"917,730원~",06.15,목,06.18,일
"404,960원~",06.15,목,06.18,일
"1,152,000원~",06.15,목,06.18,일
"917,145원~",06.15,목,06.18,일
"220,721원~",06.15,목,06.18,일
"318,195원~",06.15,목,06.18,일
"378,655원~",06.15,목,06.18,일
"215,702원~",06.15,목,06.18,일
"330,727원~",06.15,목,06.18,일
"1,250,000원~",06.15,목,06.18,일
"723,636원~",06.15,목,06.18,일
"186,888원~",06.15,목,06.18,일
"176,655원~",06.15,목,06.18,일
"122,727원~",06.15,목,06.18,일
"224,169원~",06.15,목,06.18,일
"309,174원~",06.15,목,06.18,일
"178,485원~",06.15,목,06.18,일
"241,149원~",06.15,목,06.18,일
"435,744원~",06.15,목,06.18,일
"732,645원~",06.15,목,06.18,일
"260,000원~",06.15,목,06.18,일
"291,609원~",06.15,목,06.18,일
"213,099원~",06.15,목,06.18,일
"332,628원~",06.15,목,06.18,일
"523,017원~",06.15,목,06.18,일
"198,227원~",06.15,목,06.18,일
"441,655원~",06.15,목,06.18,일
"1,281,818원~",06.15,목,06.18,일
"276,078원~",06.15,목,06.18,일
"490,604원~",06.15,목,06.18,일
"799,998원~",06.15,목,06.18,일
"385,936원~",06.15,목,06.18,일
"702,433원~",06.15,목,06.18,일
"208,625원~",06.15,목,06.18,일
"1,454,545원~",06.15,목,06.18,일
"223,557원~",06.15,목,06.18,일
"1,608,182원~",06.15,목,06.18,일
"359,070원~",06.15,목,06.18,일
"1,276,342원~",06.15,목,06.18,일
"436,909원~",06.15,목,06.18,일
"542,150원~",06.15,목,06.18,일
"200,208원~",06.15,목,06.18,일
"170,100원~",06.15,목,06.18,일
"242,727원~",06.15,목,06.18,일
"176,037원~",06.15,목,06.18,일
"209,153원~",06.15,목,06.18,일
"253,149원~",06.15,목,06.18,일
"259,090원~",06.15,목,06.18,일
"370,359원~",06.15,목,06.18,일
"243,283원~",06.15,목,06.18,일
"238,090원~",06.15,목,06.18,일
"223,209원~",06.15,목,06.18,일
"601,363원~",06.15,목,06.18,일
"190,909원~",06.15,목,06.18,일
"574,200원~",06.15,목,06.18,일
"574,889원~",06.15,목,06.18,일
"242,527원~",06.15,목,06.18,일
"264,465원~",06.15,목,06.18,일
"343,636원~",06.15,목,06.18,일
"462,514원~",06.15,목,06.18,일
"137,155원~",06.15,목,06.18,일
"436,363원~",06.15,목,06.18,일
"347,727원~",06.15,목,06.18,일
"489,467원~",06.15,목,06.18,일
"301,654원~",06.15,목,06.18,일
"240,546원~",06.15,목,06.18,일
"232,894원~",06.15,목,06.18,일
"479,090원~",06.15,목,06.18,일
"1,309,494원~",06.15,목,06.18,일
"378,132원~",06.15,목,06.18,일
"263,636원~",06.15,목,06.18,일
"193,401원~",06.15,목,06.18,일
"150,156원~",06.15,목,06.18,일
"549,902원~",06.15,목,06.18,일
"173,145원~",06.15,목,06.18,일
"288,181원~",06.15,목,06.18,일
"229,500원~",06.15,목,06.18,일
"660,000원~",06.15,목,06.18,일
"185,569원~",06.15,목,06.18,일
"229,125원~",06.15,목,06.18,일
"186,872원~",06.15,목,06.18,일
"930,000원~",06.15,목,06.18,일
"518,181원~",06.15,목,06.18,일
"329,007원~",06.15,목,06.18,일
"163,636원~",06.15,목,06.18,일
"751,725원~",06.15,목,06.18,일
"1,760,000원~",06.16,금,06.19,월
"16,170,000원~",06.16,금,06.19,월
"739,530원~",06.16,금,06.19,월
"908,255원~",06.16,금,06.19,월
"1,131,600원~",06.16,금,06.19,월
"481,283원~",06.16,금,06.19,월
"467,603원~",06.16,금,06.19,월
"357,026원~",06.16,금,06.19,월
"1,028,200원~",06.16,금,06.19,월
"679,140원~",06.16,금,06.19,월
"208,513원~",06.16,금,06.19,월
"210,524원~",06.16,금,06.19,월
"352,121원~",06.16,금,06.19,월
"513,225원~",06.16,금,06.19,월
"962,280원~",06.16,금,06.19,월
"782,000원~",06.16,금,06.19,월
"391,901원~",06.16,금,06.19,월
"1,224,000원~",06.16,금,06.19,월
"917,145원~",06.16,금,06.19,월
"220,721원~",06.16,금,06.19,월
"318,195원~",06.16,금,06.19,월
"378,655원~",06.16,금,06.19,월
"215,702원~",06.16,금,06.19,월
"330,727원~",06.16,금,06.19,월
"1,290,000원~",06.16,금,06.19,월
"723,636원~",06.16,금,06.19,월
"191,439원~",06.16,금,06.19,월
"176,655원~",06.16,금,06.19,월
"122,727원~",06.16,금,06.19,월
"218,985원~",06.16,금,06.19,월
"327,273원~",06.16,금,06.19,월
"174,339원~",06.16,금,06.19,월
"240,823원~",06.16,금,06.19,월
"412,191원~",06.16,금,06.19,월
"805,908원~",06.16,금,06.19,월
"254,545원~",06.16,금,06.19,월
"143,802원~",06.16,금,06.19,월
"298,446원~",06.16,금,06.19,월
"218,226원~",06.16,금,06.19,월
"340,407원~",06.16,금,06.19,월
"535,455원~",06.16,금,06.19,월
"198,227원~",06.16,금,06.19,월
"339,000원~",06.16,금,06.19,월
"409,459원~",06.16,금,06.19,월
"1,281,818원~",06.16,금,06.19,월
"267,712원~",06.16,금,06.19,월
"478,938원~",06.16,금,06.19,월
"799,998원~",06.16,금,06.19,월
"385,936원~",06.16,금,06.19,월
"702,433원~",06.16,금,06.19,월
"208,625원~",06.16,금,06.19,월
"1,454,545원~",06.16,금,06.19,월
"218,562원~",06.16,금,06.19,월
"1,629,273원~",06.16,금,06.19,월
"359,070원~",06.16,금,06.19,월
"1,278,979원~",06.16,금,06.19,월
"602,479원~",06.16,금,06.19,월
"436,909원~",06.16,금,06.19,월
"522,315원~",06.16,금,06.19,월
"200,208원~",06.16,금,06.19,월
"295,409원~",06.16,금,06.19,월
"174,183원~",06.16,금,06.19,월
"242,727원~",06.16,금,06.19,월
"180,024원~",06.16,금,06.19,월
"292,727원~",06.16,금,06.19,월
"204,180원~",06.16,금,06.19,월
"253,149원~",06.16,금,06.19,월
"259,090원~",06.16,금,06.19,월
"370,359원~",06.16,금,06.19,월
"247,139원~",06.16,금,06.19,월
"309,248원~",06.16,금,06.19,월
"243,874원~",06.16,금,06.19,월
"228,429원~",06.16,금,06.19,월
"308,595원~",06.16,금,06.19,월
"588,636원~",06.16,금,06.19,월
"190,909원~",06.16,금,06.19,월
"574,200원~",06.16,금,06.19,월
"574,889원~",06.16,금,06.19,월
"243,739원~",06.16,금,06.19,월
"264,465원~",06.16,금,06.19,월
"343,636원~",06.16,금,06.19,월
"462,514원~",06.16,금,06.19,월
"140,296원~",06.16,금,06.19,월
"436,363원~",06.16,금,06.19,월
"347,727원~",06.16,금,06.19,월
"470,207원~",06.16,금,06.19,월
"301,654원~",06.16,금,06.19,월
"257,137원~",06.16,금,06.19,월
"228,018원~",06.16,금,06.19,월
"460,908원~",06.16,금,06.19,월
"1,341,312원~",06.16,금,06.19,월
"532,497원~",06.16,금,06.19,월
"378,132원~",06.16,금,06.19,월
"263,636원~",06.16,금,06.19,월
"611,715원~",06.16,금,06.19,월
"185,328원~",06.16,금,06.19,월
"194,638원~",06.16,금,06.19,월
"150,156원~",06.16,금,06.19,월
"472,605원~",06.16,금,06.19,월
"177,363원~",06.16,금,06.19,월
"1,600,000원~",06.17,토,06.20,화
"16,170,000원~",06.17,토,06.20,화
"703,890원~",06.17,토,06.20,화
"908,255원~",06.17,토,06.20,화
"1,094,800원~",06.17,토,06.20,화
"459,405원~",06.17,토,06.20,화
"445,203원~",06.17,토,06.20,화
"337,192원~",06.17,토,06.20,화
"979,700원~",06.17,토,06.20,화
"647,405원~",06.17,토,06.20,화
"197,728원~",06.17,토,06.20,화
"213,200원~",06.17,토,06.20,화
"274,434원~",06.17,토,06.20,화
"267,090원~",06.17,토,06.20,화
"917,730원~",06.17,토,06.20,화
"714,000원~",06.17,토,06.20,화
"341,675원~",06.17,토,06.20,화
"1,123,200원~",06.17,토,06.20,화
"840,002원~",06.17,토,06.20,화
"213,966원~",06.17,토,06.20,화
"318,195원~",06.17,토,06.20,화
"364,091원~",06.17,토,06.20,화
"215,702원~",06.17,토,06.20,화
"296,727원~",06.17,토,06.20,화
"1,240,000원~",06.17,토,06.20,화
"678,181원~",06.17,토,06.20,화
"179,742원~",06.17,토,06.20,화
"176,655원~",06.17,토,06.20,화
"122,727원~",06.17,토,06.20,화
"227,455원~",06.17,토,06.20,화
"224,169원~",06.17,토,06.20,화
"327,273원~",06.17,토,06.20,화
"178,485원~",06.17,토,06.20,화
"242,398원~",06.17,토,06.20,화
"412,191원~",06.17,토,06.20,화
"695,455원~",06.17,토,06.20,화
"227,272원~",06.17,토,06.20,화
"143,802원~",06.17,토,06.20,화
"291,609원~",06.17,토,06.20,화
"213,099원~",06.17,토,06.20,화
"332,628원~",06.17,토,06.20,화
"523,017원~",06.17,토,06.20,화
"198,227원~",06.17,토,06.20,화
"308,181원~",06.17,토,06.20,화
"412,168원~",06.17,토,06.20,화
"1,227,272원~",06.17,토,06.20,화
"259,346원~",06.17,토,06.20,화
"466,114원~",06.17,토,06.20,화
"759,503원~",06.17,토,06.20,화
"385,936원~",06.17,토,06.20,화
"630,788원~",06.17,토,06.20,화
"195,448원~",06.17,토,06.20,화
"1,409,090원~",06.17,토,06.20,화
"223,557원~",06.17,토,06.20,화
"1,608,182원~",06.17,토,06.20,화
"445,440원~",06.17,토,06.20,화
"1,203,219원~",06.17,토,06.20,화
"475,470원~",06.17,토,06.20,화
"436,909원~",06.17,토,06.20,화
"510,744원~",06.17,토,06.20,화
"200,208원~",06.17,토,06.20,화
"286,590원~",06.17,토,06.20,화
"170,100원~",06.17,토,06.20,화
"229,090원~",06.17,토,06.20,화
"176,037원~",06.17,토,06.20,화
"271,818원~",06.17,토,06.20,화
"204,970원~",06.17,토,06.20,화
"230,133원~",06.17,토,06.20,화
"259,090원~",06.17,토,06.20,화
"354,000원~",06.17,토,06.20,화
"250,995원~",06.17,토,06.20,화
"305,652원~",06.17,토,06.20,화
"231,287원~",06.17,토,06.20,화
"223,209원~",06.17,토,06.20,화
"343,635원~",06.17,토,06.20,화
"575,909원~",06.17,토,06.20,화
"190,909원~",06.17,토,06.20,화
"554,400원~",06.17,토,06.20,화
"574,889원~",06.17,토,06.20,화
"238,091원~",06.17,토,06.20,화
"256,200원~",06.17,토,06.20,화
"343,636원~",06.17,토,06.20,화
"442,275원~",06.17,토,06.20,화
"140,472원~",06.17,토,06.20,화
"409,090원~",06.17,토,06.20,화
"339,545원~",06.17,토,06.20,화
"439,926원~",06.17,토,06.20,화
"293,390원~",06.17,토,06.20,화
"248,865원~",06.17,토,06.20,화
"219,753원~",06.17,토,06.20,화
"460,908원~",06.17,토,06.20,화
"1,309,494원~",06.17,토,06.20,화
"507,141원~",06.17,토,06.20,화
"362,211원~",06.17,토,06.20,화
"399,174원~",06.17,토,06.20,화
"254,545원~",06.17,토,06.20,화
"578,122원~",06.17,토,06.20,화
"190,107원~",06.17,토,06.20,화
"186,615원~",06.17,토,06.20,화
"150,156원~",06.17,토,06.20,화
"1,148,400원~",06.18,일,06.21,수
"16,170,000원~",06.18,일,06.21,수
"668,250원~",06.18,일,06.21,수
"508,093원~",06.18,일,06.21,수
"1,030,400원~",06.18,일,06.21,수
"437,529원~",06.18,일,06.21,수
"428,403원~",06.18,일,06.21,수
"317,358원~",06.18,일,06.21,수
"902,100원~",06.18,일,06.21,수
"583,934원~",06.18,일,06.21,수
"186,943원~",06.18,일,06.21,수
"204,545원~",06.18,일,06.21,수
"222,727원~",06.18,일,06.21,수
"267,090원~",06.18,일,06.21,수
"873,180원~",06.18,일,06.21,수
"646,000원~",06.18,일,06.21,수
"341,675원~",06.18,일,06.21,수
"979,200원~",06.18,일,06.21,수
"737,143원~",06.18,일,06.21,수
"207,664원~",06.18,일,06.21,수
"318,195원~",06.18,일,06.21,수
"358,504원~",06.18,일,06.21,수
"349,527원~",06.18,일,06.21,수
"215,702원~",06.18,일,06.21,수
"278,182원~",06.18,일,06.21,수
"1,190,000원~",06.18,일,06.21,수
"632,727원~",06.18,일,06.21,수
"174,795원~",06.18,일,06.21,수
"122,727원~",06.18,일,06.21,수
"226,636원~",06.18,일,06.21,수
"218,985원~",06.18,일,06.21,수
"1,014,600원~",06.18,일,06.21,수
"327,273원~",06.18,일,06.21,수
"174,339원~",06.18,일,06.21,수
"235,825원~",06.18,일,06.21,수
"317,976원~",06.18,일,06.21,수
"658,264원~",06.18,일,06.21,수
"227,272원~",06.18,일,06.21,수
"143,802원~",06.18,일,06.21,수
"290,985원~",06.18,일,06.21,수
"218,226원~",06.18,일,06.21,수
"340,407원~",06.18,일,06.21,수
"535,455원~",06.18,일,06.21,수
"182,045원~",06.18,일,06.21,수
"277,363원~",06.18,일,06.21,수
"386,325원~",06.18,일,06.21,수
"679,091원~",06.18,일,06.21,수
"250,980원~",06.18,일,06.21,수
"431,124원~",06.18,일,06.21,수
"456,195원~",06.18,일,06.21,수
"577,833원~",06.18,일,06.21,수
"190,470원~",06.18,일,06.21,수
"1,363,635원~",06.18,일,06.21,수
"218,562원~",06.18,일,06.21,수
"705,250원~",06.18,일,06.21,수
"436,350원~",06.18,일,06.21,수
"1,183,736원~",06.18,일,06.21,수
"464,166원~",06.18,일,06.21,수
"436,909원~",06.18,일,06.21,수
"502,480원~",06.18,일,06.21,수
"200,208원~",06.18,일,06.21,수
"381,818원~",06.18,일,06.21,수
"174,183원~",06.18,일,06.21,수
"215,454원~",06.18,일,06.21,수
"180,024원~",06.18,일,06.21,수
"250,909원~",06.18,일,06.21,수
"196,014원~",06.18,일,06.21,수
"207,119원~",06.18,일,06.21,수
"259,090원~",06.18,일,06.21,수
"318,893원~",06.18,일,06.21,수
"320,207원~",06.18,일,06.21,수
"302,056원~",06.18,일,06.21,수
"229,938원~",06.18,일,06.21,수
"228,429원~",06.18,일,06.21,수
"343,635원~",06.18,일,06.21,수
"563,181원~",06.18,일,06.21,수
"190,909원~",06.18,일,06.21,수
"534,600원~",06.18,일,06.21,수
"574,889원~",06.18,일,06.21,수
"236,169원~",06.18,일,06.21,수
"247,935원~",06.18,일,06.21,수
"343,636원~",06.18,일,06.21,수
"414,503원~",06.18,일,06.21,수
"143,805원~",06.18,일,06.21,수
"381,818원~",06.18,일,06.21,수
"331,364원~",06.18,일,06.21,수
"378,480원~",06.18,일,06.21,수
"285,126원~",06.18,일,06.21,수
"257,158원~",06.18,일,06.21,수
"211,488원~",06.18,일,06.21,수
"460,908원~",06.18,일,06.21,수
"1,287,660원~",06.18,일,06.21,수
"481,785원~",06.18,일,06.21,수
"346,290원~",06.18,일,06.21,수
"399,174원~",06.18,일,06.21,수
"272,727원~",06.18,일,06.21,수
"520,862원~",06.18,일,06.21,수
"186,144원~",06.18,일,06.21,수
"150,156원~",06.18,일,06.21,수
"456,396원~",06.18,일,06.21,수
"1,148,400원~",06.19,월,06.22,목
"16,178,400원~",06.19,월,06.22,목
"641,520원~",06.19,월,06.22,목
"508,093원~",06.19,월,06.22,목
"1,002,800원~",06.19,월,06.22,목
"444,822원~",06.19,월,06.22,목
"434,003원~",06.19,월,06.22,목
"317,358원~",06.19,월,06.22,목
"774,200원~",06.19,월,06.22,목
"562,777원~",06.19,월,06.22,목
"190,538원~",06.19,월,06.22,목
"209,090원~",06.19,월,06.22,목
"216,364원~",06.19,월,06.22,목
"275,363원~",06.19,월,06.22,목
"828,630원~",06.19,월,06.22,목
"586,500원~",06.19,월,06.22,목
"305,955원~",06.19,월,06.22,목
"864,000원~",06.19,월,06.22,목
"720,000원~",06.19,월,06.22,목
"207,664원~",06.19,월,06.22,목
"318,195원~",06.19,월,06.22,목
"363,843원~",06.19,월,06.22,목
"349,527원~",06.19,월,06.22,목
"220,890원~",06.19,월,06.22,목
"278,182원~",06.19,월,06.22,목
"1,140,000원~",06.19,월,06.22,목
"632,727원~",06.19,월,06.22,목
"225,363원~",06.19,월,06.22,목
"174,795원~",06.19,월,06.22,목
"122,727원~",06.19,월,06.22,목
"225,818원~",06.19,월,06.22,목
"224,169원~",06.19,월,06.22,목
"1,014,600원~",06.19,월,06.22,목
"327,273원~",06.19,월,06.22,목
"178,485원~",06.19,월,06.22,목
"285,000원~",06.19,월,06.22,목
"317,976원~",06.19,월,06.22,목
"658,264원~",06.19,월,06.22,목
"237,272원~",06.19,월,06.22,목
"143,802원~",06.19,월,06.22,목
"284,319원~",06.19,월,06.22,목
"213,099원~",06.19,월,06.22,목
"332,628원~",06.19,월,06.22,목
"523,017원~",06.19,월,06.22,목
"182,045원~",06.19,월,06.22,목
"277,363원~",06.19,월,06.22,목
"396,345원~",06.19,월,06.22,목
"679,091원~",06.19,월,06.22,목
"250,980원~",06.19,월,06.22,목
"554,451원~",06.19,월,06.22,목
"456,195원~",06.19,월,06.22,목
"577,833원~",06.19,월,06.22,목
"190,470원~",06.19,월,06.22,목
"1,363,635원~",06.19,월,06.22,목
"223,557원~",06.19,월,06.22,목
"683,550원~",06.19,월,06.22,목
"436,350원~",06.19,월,06.22,목
"1,156,686원~",06.19,월,06.22,목
"475,470원~",06.19,월,06.22,목
"436,909원~",06.19,월,06.22,목
"494,216원~",06.19,월,06.22,목
"200,208원~",06.19,월,06.22,목
"170,100원~",06.19,월,06.22,목
"215,454원~",06.19,월,06.22,목
"176,037원~",06.19,월,06.22,목
"250,909원~",06.19,월,06.22,목
"358,679원~",06.19,월,06.22,목
"207,119원~",06.19,월,06.22,목
"259,090원~",06.19,월,06.22,목
"318,893원~",06.19,월,06.22,목
"302,056원~",06.19,월,06.22,목
"197,955원~",06.19,월,06.22,목
"223,209원~",06.19,월,06.22,목
"360,000원~",06.19,월,06.22,목
"575,909원~",06.19,월,06.22,목
"190,909원~",06.19,월,06.22,목
"534,600원~",06.19,월,06.22,목
"574,889원~",06.19,월,06.22,목
"230,697원~",06.19,월,06.22,목
"247,935원~",06.19,월,06.22,목
"343,636원~",06.19,월,06.22,목
"400,521원~",06.19,월,06.22,목
"140,472원~",06.19,월,06.22,목
"381,818원~",06.19,월,06.22,목
"331,364원~",06.19,월,06.22,목
"378,348원~",06.19,월,06.22,목
"285,126원~",06.19,월,06.22,목
"221,184원~",06.19,월,06.22,목
"211,488원~",06.19,월,06.22,목
"460,908원~",06.19,월,06.22,목
"1,257,114원~",06.19,월,06.22,목
"481,785원~",06.19,월,06.22,목
"346,290원~",06.19,월,06.22,목
"399,174원~",06.19,월,06.22,목
"272,727원~",06.19,월,06.22,목
"503,415원~",06.19,월,06.22,목
"183,222원~",06.19,월,06.22,목
"150,156원~",06.19,월,06.22,목
"455,244원~",06.19,월,06.22,목
"173,145원~",06.19,월,06.22,목
"1,158,300원~",06.20,화,06.23,금
"16,178,400원~",06.20,화,06.23,금
"650,430원~",06.20,화,06.23,금
"508,093원~",06.20,화,06.23,금
"1,012,000원~",06.20,화,06.23,금
"452,114원~",06.20,화,06.23,금
"450,803원~",06.20,화,06.23,금
"317,358원~",06.20,화,06.23,금
"793,800원~",06.20,화,06.23,금
"541,620원~",06.20,화,06.23,금
"212,108원~",06.20,화,06.23,금
"225,507원~",06.20,화,06.23,금
"222,727원~",06.20,화,06.23,금
"283,636원~",06.20,화,06.23,금
"828,630원~",06.20,화,06.23,금
"688,500원~",06.20,화,06.23,금
"341,675원~",06.20,화,06.23,금
"864,000원~",06.20,화,06.23,금
"737,143원~",06.20,화,06.23,금
"207,664원~",06.20,화,06.23,금
"298,747원~",06.20,화,06.23,금
"363,843원~",06.20,화,06.23,금
"349,527원~",06.20,화,06.23,금
"215,702원~",06.20,화,06.23,금
"278,182원~",06.20,화,06.23,금
"1,150,000원~",06.20,화,06.23,금
"632,727원~",06.20,화,06.23,금
"230,853원~",06.20,화,06.23,금
"174,795원~",06.20,화,06.23,금
"122,727원~",06.20,화,06.23,금
"251,818원~",06.20,화,06.23,금
"218,985원~",06.20,화,06.23,금
"726,171원~",06.20,화,06.23,금
"327,273원~",06.20,화,06.23,금
"174,339원~",06.20,화,06.23,금
"285,000원~",06.20,화,06.23,금
"322,179원~",06.20,화,06.23,금
"658,264원~",06.20,화,06.23,금
"242,727원~",06.20,화,06.23,금
"175,438원~",06.20,화,06.23,금
"290,985원~",06.20,화,06.23,금
"218,226원~",06.20,화,06.23,금
"340,407원~",06.20,화,06.23,금
"535,455원~",06.20,화,06.23,금
"182,045원~",06.20,화,06.23,금
"277,363원~",06.20,화,06.23,금
"386,325원~",06.20,화,06.23,금
"679,091원~",06.20,화,06.23,금
"250,980원~",06.20,화,06.23,금
"537,126원~",06.20,화,06.23,금
"456,195원~",06.20,화,06.23,금
"602,753원~",06.20,화,06.23,금
"190,470원~",06.20,화,06.23,금
"1,363,635원~",06.20,화,06.23,금
"218,562원~",06.20,화,06.23,금
"711,165원~",06.20,화,06.23,금
"436,350원~",06.20,화,06.23,금
"1,210,948원~",06.20,화,06.23,금
"464,166원~",06.20,화,06.23,금
"436,909원~",06.20,화,06.23,금
"494,216원~",06.20,화,06.23,금
"200,208원~",06.20,화,06.23,금
"174,183원~",06.20,화,06.23,금
"215,454원~",06.20,화,06.23,금
"180,024원~",06.20,화,06.23,금
"250,909원~",06.20,화,06.23,금
"358,679원~",06.20,화,06.23,금
"207,119원~",06.20,화,06.23,금
"259,090원~",06.20,화,06.23,금
"318,893원~",06.20,화,06.23,금
"302,056원~",06.20,화,06.23,금
"229,938원~",06.20,화,06.23,금
"228,429원~",06.20,화,06.23,금
"376,365원~",06.20,화,06.23,금
"607,727원~",06.20,화,06.23,금
"190,909원~",06.20,화,06.23,금
"534,600원~",06.20,화,06.23,금
"574,889원~",06.20,화,06.23,금
"236,169원~",06.20,화,06.23,금
"247,935원~",06.20,화,06.23,금
"343,636원~",06.20,화,06.23,금
"414,503원~",06.20,화,06.23,금
"143,805원~",06.20,화,06.23,금
"381,818원~",06.20,화,06.23,금
"331,364원~",06.20,화,06.23,금
"376,380원~",06.20,화,06.23,금
"285,126원~",06.20,화,06.23,금
"221,184원~",06.20,화,06.23,금
"211,488원~",06.20,화,06.23,금
"460,908원~",06.20,화,06.23,금
"1,287,660원~",06.20,화,06.23,금
"481,785원~",06.20,화,06.23,금
"454,772원~",06.20,화,06.23,금
"399,174원~",06.20,화,06.23,금
"272,727원~",06.20,화,06.23,금
"540,873원~",06.20,화,06.23,금
"191,162원~",06.20,화,06.23,금
"150,156원~",06.20,화,06.23,금
"455,244원~",06.20,화,06.23,금
"177,363원~",06.20,화,06.23,금
"1,600,000원~",06.21,수,06.24,토
"16,178,400원~",06.21,수,06.24,토
"677,160원~",06.21,수,06.24,토
"518,153원~",06.21,수,06.24,토
"1,058,000원~",06.21,수,06.24,토
"473,991원~",06.21,수,06.24,토
"420,003원~",06.21,수,06.24,토
"862,400원~",06.21,수,06.24,토
"573,355원~",06.21,수,06.24,토
"226,488원~",06.21,수,06.24,토
"239,291원~",06.21,수,06.24,토
"222,727원~",06.21,수,06.24,토
"283,636원~",06.21,수,06.24,토
"873,180원~",06.21,수,06.24,토
"790,500원~",06.21,수,06.24,토
"305,955원~",06.21,수,06.24,토
"1,008,000원~",06.21,수,06.24,토
"814,286원~",06.21,수,06.24,토
"213,966원~",06.21,수,06.24,토
"318,195원~",06.21,수,06.24,토
"369,182원~",06.21,수,06.24,토
"364,091원~",06.21,수,06.24,토
"215,702원~",06.21,수,06.24,토
"321,455원~",06.21,수,06.24,토
"1,200,000원~",06.21,수,06.24,토
"232,326원~",06.21,수,06.24,토
"174,795원~",06.21,수,06.24,토
"292,716원~",06.21,수,06.24,토
"122,727원~",06.21,수,06.24,토
"304,364원~",06.21,수,06.24,토
"224,169원~",06.21,수,06.24,토
"725,242원~",06.21,수,06.24,토
"327,273원~",06.21,수,06.24,토
"178,485원~",06.21,수,06.24,토
"288,000원~",06.21,수,06.24,토
"330,009원~",06.21,수,06.24,토
"695,455원~",06.21,수,06.24,토
"242,727원~",06.21,수,06.24,토
"175,438원~",06.21,수,06.24,토
"284,319원~",06.21,수,06.24,토
"213,099원~",06.21,수,06.24,토
"332,628원~",06.21,수,06.24,토
"523,017원~",06.21,수,06.24,토
"182,045원~",06.21,수,06.24,토
"308,181원~",06.21,수,06.24,토
"404,256원~",06.21,수,06.24,토
"845,456원~",06.21,수,06.24,토
"250,980원~",06.21,수,06.24,토
"479,337원~",06.21,수,06.24,토
"649,478원~",06.21,수,06.24,토
"199,698원~",06.21,수,06.24,토
"1,409,090원~",06.21,수,06.24,토
"223,557원~",06.21,수,06.24,토
"1,191,018원~",06.21,수,06.24,토
"445,440원~",06.21,수,06.24,토
"1,196,571원~",06.21,수,06.24,토
"475,470원~",06.21,수,06.24,토
"436,909원~",06.21,수,06.24,토
"502,480원~",06.21,수,06.24,토
"200,208원~",06.21,수,06.24,토
"170,100원~",06.21,수,06.24,토
"229,090원~",06.21,수,06.24,토
"176,037원~",06.21,수,06.24,토
"271,818원~",06.21,수,06.24,토
"418,458원~",06.21,수,06.24,토
"230,133원~",06.21,수,06.24,토
"259,090원~",06.21,수,06.24,토
"342,645원~",06.21,수,06.24,토
"305,652원~",06.21,수,06.24,토
"231,287원~",06.21,수,06.24,토
"243,501원~",06.21,수,06.24,토
"376,365원~",06.21,수,06.24,토
"620,454원~",06.21,수,06.24,토
"190,909원~",06.21,수,06.24,토
"554,400원~",06.21,수,06.24,토
"574,889원~",06.21,수,06.24,토
"233,654원~",06.21,수,06.24,토
"256,200원~",06.21,수,06.24,토
"343,636원~",06.21,수,06.24,토
"436,865원~",06.21,수,06.24,토
"140,472원~",06.21,수,06.24,토
"409,090원~",06.21,수,06.24,토
"339,545원~",06.21,수,06.24,토
"408,629원~",06.21,수,06.24,토
"293,390원~",06.21,수,06.24,토
"229,643원~",06.21,수,06.24,토
"219,753원~",06.21,수,06.24,토
"460,908원~",06.21,수,06.24,토
"1,257,114원~",06.21,수,06.24,토
"507,141원~",06.21,수,06.24,토
"475,681원~",06.21,수,06.24,토
"399,174원~",06.21,수,06.24,토
"254,545원~",06.21,수,06.24,토
"607,585원~",06.21,수,06.24,토
"190,008원~",06.21,수,06.24,토
"150,156원~",06.21,수,06.24,토
"463,339원~",06.21,수,06.24,토
"173,145원~",06.21,수,06.24,토
"278,512원~",06.21,수,06.24,토
"646,363원~",06.21,수,06.24,토
"1,760,000원~",06.22,목,06.25,일
"16,170,000원~",06.22,목,06.25,일
"703,890원~",06.22,목,06.25,일
"528,214원~",06.22,목,06.25,일
"1,122,400원~",06.22,목,06.25,일
"488,575원~",06.22,목,06.25,일
"425,094원~",06.22,목,06.25,일
"1,018,500원~",06.22,목,06.25,일
"864,264원~",06.22,목,06.25,일
"226,488원~",06.22,목,06.25,일
"240,490원~",06.22,목,06.25,일
"229,091원~",06.22,목,06.25,일
"283,636원~",06.22,목,06.25,일
"917,730원~",06.22,목,06.25,일
"816,000원~",06.22,목,06.25,일
"404,960원~",06.22,목,06.25,일
"1,152,000원~",06.22,목,06.25,일
"833,769원~",06.22,목,06.25,일
"220,721원~",06.22,목,06.25,일
"318,195원~",06.22,목,06.25,일
"378,655원~",06.22,목,06.25,일
"215,702원~",06.22,목,06.25,일
"341,545원~",06.22,목,06.25,일
"1,250,000원~",06.22,목,06.25,일
"245,117원~",06.22,목,06.25,일
"174,795원~",06.22,목,06.25,일
"323,864원~",06.22,목,06.25,일
"122,727원~",06.22,목,06.25,일
"218,985원~",06.22,목,06.25,일
"759,557원~",06.22,목,06.25,일
"309,174원~",06.22,목,06.25,일
"174,339원~",06.22,목,06.25,일
"242,490원~",06.22,목,06.25,일
"322,179원~",06.22,목,06.25,일
"732,645원~",06.22,목,06.25,일
"260,000원~",06.22,목,06.25,일
"175,438원~",06.22,목,06.25,일
"290,985원~",06.22,목,06.25,일
"218,226원~",06.22,목,06.25,일
"340,407원~",06.22,목,06.25,일
"535,455원~",06.22,목,06.25,일
"198,227원~",06.22,목,06.25,일
"339,000원~",06.22,목,06.25,일
"401,747원~",06.22,목,06.25,일
"891,571원~",06.22,목,06.25,일
"250,980원~",06.22,목,06.25,일
"622,360원~",06.22,목,06.25,일
"502,478원~",06.22,목,06.25,일
"696,203원~",06.22,목,06.25,일
"208,625원~",06.22,목,06.25,일
"1,322,316원~",06.22,목,06.25,일
"218,562원~",06.22,목,06.25,일
"454,530원~",06.22,목,06.25,일
"464,166원~",06.22,목,06.25,일
"436,909원~",06.22,목,06.25,일
"510,744원~",06.22,목,06.25,일
"200,208원~",06.22,목,06.25,일
"174,183원~",06.22,목,06.25,일
"258,181원~",06.22,목,06.25,일
"180,024원~",06.22,목,06.25,일
"292,727원~",06.22,목,06.25,일
"253,149원~",06.22,목,06.25,일
"259,090원~",06.22,목,06.25,일
"370,359원~",06.22,목,06.25,일
"309,248원~",06.22,목,06.25,일
"243,874원~",06.22,목,06.25,일
"249,195원~",06.22,목,06.25,일
"360,000원~",06.22,목,06.25,일
"190,909원~",06.22,목,06.25,일
"574,200원~",06.22,목,06.25,일
"574,889원~",06.22,목,06.25,일
"242,225원~",06.22,목,06.25,일
"264,465원~",06.22,목,06.25,일
"343,636원~",06.22,목,06.25,일
"464,311원~",06.22,목,06.25,일
"143,805원~",06.22,목,06.25,일
"436,363원~",06.22,목,06.25,일
"347,727원~",06.22,목,06.25,일
"470,075원~",06.22,목,06.25,일
"301,654원~",06.22,목,06.25,일
"222,954원~",06.22,목,06.25,일
"228,018원~",06.22,목,06.25,일
"460,908원~",06.22,목,06.25,일
"1,341,312원~",06.22,목,06.25,일
"532,497원~",06.22,목,06.25,일
"496,590원~",06.22,목,06.25,일
"399,174원~",06.22,목,06.25,일
"290,909원~",06.22,목,06.25,일
"603,310원~",06.22,목,06.25,일
"198,114원~",06.22,목,06.25,일
"150,156원~",06.22,목,06.25,일
"472,642원~",06.22,목,06.25,일
"177,363원~",06.22,목,06.25,일
"288,181원~",06.22,목,06.25,일
"660,000원~",06.22,목,06.25,일
"174,747원~",06.22,목,06.25,일
"223,815원~",06.22,목,06.25,일
"182,449원~",06.22,목,06.25,일
"918,181원~",06.22,목,06.25,일
"518,181원~",06.22,목,06.25,일
"1,840,000원~",06.23,금,06.26,월
"16,170,000원~",06.23,금,06.26,월
"721,710원~",06.23,금,06.26,월
"518,153원~",06.23,금,06.26,월
"1,122,400원~",06.23,금,06.26,월
"481,283원~",06.23,금,06.26,월
"414,912원~",06.23,금,06.26,월
"1,008,800원~",06.23,금,06.26,월
"874,843원~",06.23,금,06.26,월
"204,918원~",06.23,금,06.26,월
"216,928원~",06.23,금,06.26,월
"222,727원~",06.23,금,06.26,월
"277,291원~",06.23,금,06.26,월
"962,280원~",06.23,금,06.26,월
"714,000원~",06.23,금,06.26,월
"328,925원~",06.23,금,06.26,월
"404,960원~",06.23,금,06.26,월
"1,195,200원~",06.23,금,06.26,월
"833,769원~",06.23,금,06.26,월
"220,721원~",06.23,금,06.26,월
"318,195원~",06.23,금,06.26,월
"378,655원~",06.23,금,06.26,월
"215,702원~",06.23,금,06.26,월
"341,545원~",06.23,금,06.26,월
"1,290,000원~",06.23,금,06.26,월
"186,888원~",06.23,금,06.26,월
"174,795원~",06.23,금,06.26,월
"323,864원~",06.23,금,06.26,월
"122,727원~",06.23,금,06.26,월
"224,169원~",06.23,금,06.26,월
"741,539원~",06.23,금,06.26,월
"309,174원~",06.23,금,06.26,월
"178,485원~",06.23,금,06.26,월
"245,126원~",06.23,금,06.26,월
"317,976원~",06.23,금,06.26,월
"732,645원~",06.23,금,06.26,월
"243,235원~",06.23,금,06.26,월
"143,802원~",06.23,금,06.26,월
"284,319원~",06.23,금,06.26,월
"213,099원~",06.23,금,06.26,월
"332,628원~",06.23,금,06.26,월
"523,017원~",06.23,금,06.26,월
"198,227원~",06.23,금,06.26,월
"339,000원~",06.23,금,06.26,월
"412,167원~",06.23,금,06.26,월
"934,711원~",06.23,금,06.26,월
"250,980원~",06.23,금,06.26,월
"596,696원~",06.23,금,06.26,월
"502,478원~",06.23,금,06.26,월
"677,513원~",06.23,금,06.26,월
"202,475원~",06.23,금,06.26,월
"1,322,316원~",06.23,금,06.26,월
"223,557원~",06.23,금,06.26,월
"883,172원~",06.23,금,06.26,월
"359,070원~",06.23,금,06.26,월
"475,470원~",06.23,금,06.26,월
"436,909원~",06.23,금,06.26,월
"502,480원~",06.23,금,06.26,월
"200,208원~",06.23,금,06.26,월
"400,000원~",06.23,금,06.26,월
"170,100원~",06.23,금,06.26,월
"269,090원~",06.23,금,06.26,월
"176,037원~",06.23,금,06.26,월
"292,727원~",06.23,금,06.26,월
"461,157원~",06.23,금,06.26,월
"253,149원~",06.23,금,06.26,월
"259,090원~",06.23,금,06.26,월
"370,359원~",06.23,금,06.26,월
"248,479원~",06.23,금,06.26,월
"309,248원~",06.23,금,06.26,월
"211,559원~",06.23,금,06.26,월
"243,501원~",06.23,금,06.26,월
"301,776원~",06.23,금,06.26,월
"563,936원~",06.23,금,06.26,월
"190,909원~",06.23,금,06.26,월
"574,200원~",06.23,금,06.26,월
"574,889원~",06.23,금,06.26,월
"236,611원~",06.23,금,06.26,월
"264,465원~",06.23,금,06.26,월
"343,636원~",06.23,금,06.26,월
"454,193원~",06.23,금,06.26,월
"137,352원~",06.23,금,06.26,월
"436,363원~",06.23,금,06.26,월
"347,727원~",06.23,금,06.26,월
"470,207원~",06.23,금,06.26,월
"301,654원~",06.23,금,06.26,월
"229,643원~",06.23,금,06.26,월
"228,018원~",06.23,금,06.26,월
"460,908원~",06.23,금,06.26,월
"1,309,494원~",06.23,금,06.26,월
"532,497원~",06.23,금,06.26,월
"378,132원~",06.23,금,06.26,월
"399,174원~",06.23,금,06.26,월
"469,170원~",06.23,금,06.26,월
"620,757원~",06.23,금,06.26,월
"190,107원~",06.23,금,06.26,월
"190,008원~",06.23,금,06.26,월
"150,156원~",06.23,금,06.26,월
"472,642원~",06.23,금,06.26,월
"173,145원~",06.23,금,06.26,월
"1,760,000원~",06.24,토,06.27,화
"16,170,000원~",06.24,토,06.27,화
"712,800원~",06.24,토,06.27,화
"508,093원~",06.24,토,06.27,화
"1,085,600원~",06.24,토,06.27,화
"459,405원~",06.24,토,06.27,화
"409,821원~",06.24,토,06.27,화
"960,300원~",06.24,토,06.27,화
"832,529원~",06.24,토,06.27,화
"190,538원~",06.24,토,06.27,화
"203,032원~",06.24,토,06.27,화
"222,727원~",06.24,토,06.27,화
"268,961원~",06.24,토,06.27,화
"917,730원~",06.24,토,06.27,화
"663,000원~",06.24,토,06.27,화
"404,960원~",06.24,토,06.27,화
"1,080,000원~",06.24,토,06.27,화
"763,639원~",06.24,토,06.27,화
"213,966원~",06.24,토,06.27,화
"318,195원~",06.24,토,06.27,화
"364,091원~",06.24,토,06.27,화
"215,702원~",06.24,토,06.27,화
"312,182원~",06.24,토,06.27,화
"1,240,000원~",06.24,토,06.27,화
"184,119원~",06.24,토,06.27,화
"174,795원~",06.24,토,06.27,화
"323,864원~",06.24,토,06.27,화
"122,727원~",06.24,토,06.27,화
"218,985원~",06.24,토,06.27,화
"742,864원~",06.24,토,06.27,화
"309,174원~",06.24,토,06.27,화
"174,339원~",06.24,토,06.27,화
"238,324원~",06.24,토,06.27,화
"412,191원~",06.24,토,06.27,화
"695,455원~",06.24,토,06.27,화
"236,363원~",06.24,토,06.27,화
"143,802원~",06.24,토,06.27,화
"290,985원~",06.24,토,06.27,화
"218,226원~",06.24,토,06.27,화
"340,407원~",06.24,토,06.27,화
"535,455원~",06.24,토,06.27,화
"198,227원~",06.24,토,06.27,화
"308,181원~",06.24,토,06.27,화
"394,036원~",06.24,토,06.27,화
"886,364원~",06.24,토,06.27,화
"250,980원~",06.24,토,06.27,화
"566,911원~",06.24,토,06.27,화
"479,337원~",06.24,토,06.27,화
"649,478원~",06.24,토,06.27,화
"195,448원~",06.24,토,06.27,화
"1,280,994원~",06.24,토,06.27,화
"218,562원~",06.24,토,06.27,화
"802,392원~",06.24,토,06.27,화
"390,900원~",06.24,토,06.27,화
"464,166원~",06.24,토,06.27,화
"436,909원~",06.24,토,06.27,화
"502,480원~",06.24,토,06.27,화
"203,720원~",06.24,토,06.27,화
"390,909원~",06.24,토,06.27,화
"174,183원~",06.24,토,06.27,화
"266,363원~",06.24,토,06.27,화
"180,024원~",06.24,토,06.27,화
"271,818원~",06.24,토,06.27,화
"431,268원~",06.24,토,06.27,화
"230,133원~",06.24,토,06.27,화
"259,090원~",06.24,토,06.27,화
"354,000원~",06.24,토,06.27,화
"248,479원~",06.24,토,06.27,화
"305,652원~",06.24,토,06.27,화
"209,732원~",06.24,토,06.27,화
"249,195원~",06.24,토,06.27,화
"343,635원~",06.24,토,06.27,화
"547,754원~",06.24,토,06.27,화
"190,909원~",06.24,토,06.27,화
"1,358,969원~",06.24,토,06.27,화
"554,400원~",06.24,토,06.27,화
"574,889원~",06.24,토,06.27,화
"239,197원~",06.24,토,06.27,화
"256,200원~",06.24,토,06.27,화
"343,636원~",06.24,토,06.27,화
"427,357원~",06.24,토,06.27,화
"140,665원~",06.24,토,06.27,화
"409,090원~",06.24,토,06.27,화
"339,545원~",06.24,토,06.27,화
"439,926원~",06.24,토,06.27,화
"293,390원~",06.24,토,06.27,화
"219,753원~",06.24,토,06.27,화
"460,908원~",06.24,토,06.27,화
"1,341,312원~",06.24,토,06.27,화
"507,141원~",06.24,토,06.27,화
"362,211원~",06.24,토,06.27,화
"399,174원~",06.24,토,06.27,화
"451,135원~",06.24,토,06.27,화
"578,122원~",06.24,토,06.27,화
"185,328원~",06.24,토,06.27,화
"191,162원~",06.24,토,06.27,화
"150,156원~",06.24,토,06.27,화
"464,519원~",06.24,토,06.27,화
"177,363원~",06.24,토,06.27,화
"279,090원~",06.24,토,06.27,화
"1,680,000원~",06.25,일,06.28,수
"16,170,000원~",06.25,일,06.28,수
"686,070원~",06.25,일,06.28,수
"498,031원~",06.25,일,06.28,수
"1,030,400원~",06.25,일,06.28,수
"437,529원~",06.25,일,06.28,수
"404,730원~",06.25,일,06.28,수
"991,737원~",06.25,일,06.28,수
"911,800원~",06.25,일,06.28,수
"541,620원~",06.25,일,06.28,수
"183,348원~",06.25,일,06.28,수
"194,565원~",06.25,일,06.28,수
"216,364원~",06.25,일,06.28,수
"260,631원~",06.25,일,06.28,수
"873,180원~",06.25,일,06.28,수
"637,500원~",06.25,일,06.28,수
"341,675원~",06.25,일,06.28,수
"964,800원~",06.25,일,06.28,수
"670,131원~",06.25,일,06.28,수
"207,664원~",06.25,일,06.28,수
"318,195원~",06.25,일,06.28,수
"361,847원~",06.25,일,06.28,수
"349,527원~",06.25,일,06.28,수
"215,702원~",06.25,일,06.28,수
"278,182원~",06.25,일,06.28,수
"1,190,000원~",06.25,일,06.28,수
"632,727원~",06.25,일,06.28,수
"172,596원~",06.25,일,06.28,수
"174,795원~",06.25,일,06.28,수
"323,864원~",06.25,일,06.28,수
"122,727원~",06.25,일,06.28,수
"248,727원~",06.25,일,06.28,수
"224,169원~",06.25,일,06.28,수
"708,945원~",06.25,일,06.28,수
"460,909원~",06.25,일,06.28,수
"309,174원~",06.25,일,06.28,수
"178,485원~",06.25,일,06.28,수
"239,670원~",06.25,일,06.28,수
"412,191원~",06.25,일,06.28,수
"724,092원~",06.25,일,06.28,수
"212,727원~",06.25,일,06.28,수
"141,114원~",06.25,일,06.28,수
"284,319원~",06.25,일,06.28,수
"213,099원~",06.25,일,06.28,수
"332,628원~",06.25,일,06.28,수
"523,017원~",06.25,일,06.28,수
"182,045원~",06.25,일,06.28,수
"277,363원~",06.25,일,06.28,수
"396,345원~",06.25,일,06.28,수
"679,091원~",06.25,일,06.28,수
"250,980원~",06.25,일,06.28,수
"577,541원~",06.25,일,06.28,수
"456,195원~",06.25,일,06.28,수
"385,936원~",06.25,일,06.28,수
"621,443원~",06.25,일,06.28,수
"193,353원~",06.25,일,06.28,수
"1,239,672원~",06.25,일,06.28,수
"223,557원~",06.25,일,06.28,수
"799,090원~",06.25,일,06.28,수
"381,810원~",06.25,일,06.28,수
"1,176,627원~",06.25,일,06.28,수
"475,470원~",06.25,일,06.28,수
"436,909원~",06.25,일,06.28,수
"514,051원~",06.25,일,06.28,수
"207,232원~",06.25,일,06.28,수
"381,818원~",06.25,일,06.28,수
"170,100원~",06.25,일,06.28,수
"248,181원~",06.25,일,06.28,수
"176,037원~",06.25,일,06.28,수
"250,909원~",06.25,일,06.28,수
"401,379원~",06.25,일,06.28,수
"207,119원~",06.25,일,06.28,수
"259,090원~",06.25,일,06.28,수
"318,893원~",06.25,일,06.28,수
"248,479원~",06.25,일,06.28,수
"302,056원~",06.25,일,06.28,수
"197,955원~",06.25,일,06.28,수
"243,501원~",06.25,일,06.28,수
"531,573원~",06.25,일,06.28,수
"563,181원~",06.25,일,06.28,수
"190,909원~",06.25,일,06.28,수
"534,600원~",06.25,일,06.28,수
"574,889원~",06.25,일,06.28,수
"230,697원~",06.25,일,06.28,수
"247,935원~",06.25,일,06.28,수
"343,636원~",06.25,일,06.28,수
"414,503원~",06.25,일,06.28,수
"140,472원~",06.25,일,06.28,수
"381,818원~",06.25,일,06.28,수
"331,364원~",06.25,일,06.28,수
"378,480원~",06.25,일,06.28,수
"285,126원~",06.25,일,06.28,수
"211,488원~",06.25,일,06.28,수
"460,908원~",06.25,일,06.28,수
"1,257,114원~",06.25,일,06.28,수
"481,785원~",06.25,일,06.28,수
"346,290원~",06.25,일,06.28,수
"399,174원~",06.25,일,06.28,수
"245,454원~",06.25,일,06.28,수
"520,862원~",06.25,일,06.28,수
"1,680,000원~",06.26,월,06.29,목
"659,340원~",06.26,월,06.29,목
"503,060원~",06.26,월,06.29,목
"1,030,400원~",06.26,월,06.29,목
"444,822원~",06.26,월,06.29,목
"404,730원~",06.26,월,06.29,목
"317,358원~",06.26,월,06.29,목
"892,400원~",06.26,월,06.29,목
"531,041원~",06.26,월,06.29,목
"183,348원~",06.26,월,06.29,목
"195,540원~",06.26,월,06.29,목
"222,727원~",06.26,월,06.29,목
"258,818원~",06.26,월,06.29,목
"828,630원~",06.26,월,06.29,목
"637,500원~",06.26,월,06.29,목
"341,675원~",06.26,월,06.29,목
"907,200원~",06.26,월,06.29,목
"654,546원~",06.26,월,06.29,목
"207,664원~",06.26,월,06.29,목
"318,195원~",06.26,월,06.29,목
"373,884원~",06.26,월,06.29,목
"349,527원~",06.26,월,06.29,목
"220,890원~",06.26,월,06.29,목
"492,054원~",06.26,월,06.29,목
"1,140,000원~",06.26,월,06.29,목
"632,727원~",06.26,월,06.29,목
"176,799원~",06.26,월,06.29,목
"174,795원~",06.26,월,06.29,목
"323,085원~",06.26,월,06.29,목
"122,727원~",06.26,월,06.29,목
"226,636원~",06.26,월,06.29,목
"218,985원~",06.26,월,06.29,목
"726,171원~",06.26,월,06.29,목
"460,909원~",06.26,월,06.29,목
"309,174원~",06.26,월,06.29,목
"174,339원~",06.26,월,06.29,목
"237,492원~",06.26,월,06.29,목
"412,191원~",06.26,월,06.29,목
"724,092원~",06.26,월,06.29,목
"212,727원~",06.26,월,06.29,목
"141,114원~",06.26,월,06.29,목
"290,985원~",06.26,월,06.29,목
"218,226원~",06.26,월,06.29,목
"340,407원~",06.26,월,06.29,목
"535,455원~",06.26,월,06.29,목
"182,045원~",06.26,월,06.29,목
"277,363원~",06.26,월,06.29,목
"386,325원~",06.26,월,06.29,목
"679,091원~",06.26,월,06.29,목
"250,980원~",06.26,월,06.29,목
"554,451원~",06.26,월,06.29,목
"456,195원~",06.26,월,06.29,목
"372,927원~",06.26,월,06.29,목
"658,823원~",06.26,월,06.29,목
"176,133원~",06.26,월,06.29,목
"1,239,672원~",06.26,월,06.29,목
"218,562원~",06.26,월,06.29,목
"758,414원~",06.26,월,06.29,목
"381,810원~",06.26,월,06.29,목
"1,204,145원~",06.26,월,06.29,목
"436,909원~",06.26,월,06.29,목
"514,051원~",06.26,월,06.29,목
"207,232원~",06.26,월,06.29,목
"381,818원~",06.26,월,06.29,목
"174,183원~",06.26,월,06.29,목
"248,181원~",06.26,월,06.29,목
"180,024원~",06.26,월,06.29,목
"250,909원~",06.26,월,06.29,목
"196,014원~",06.26,월,06.29,목
"207,119원~",06.26,월,06.29,목
"259,090원~",06.26,월,06.29,목
"318,893원~",06.26,월,06.29,목
"265,539원~",06.26,월,06.29,목
"302,056원~",06.26,월,06.29,목
"202,764원~",06.26,월,06.29,목
"249,195원~",06.26,월,06.29,목
"575,909원~",06.26,월,06.29,목
"190,909원~",06.26,월,06.29,목
"534,600원~",06.26,월,06.29,목
"574,889원~",06.26,월,06.29,목
"240,711원~",06.26,월,06.29,목
"247,935원~",06.26,월,06.29,목
"343,636원~",06.26,월,06.29,목
"414,258원~",06.26,월,06.29,목
"143,805원~",06.26,월,06.29,목
"400,909원~",06.26,월,06.29,목
"331,364원~",06.26,월,06.29,목
"376,380원~",06.26,월,06.29,목
"285,126원~",06.26,월,06.29,목
"211,488원~",06.26,월,06.29,목
"1,434,819원~",06.26,월,06.29,목
"346,290원~",06.26,월,06.29,목
"399,174원~",06.26,월,06.29,목
"245,454원~",06.26,월,06.29,목
"503,415원~",06.26,월,06.29,목
"185,328원~",06.26,월,06.29,목
"189,591원~",06.26,월,06.29,목
"150,156원~",06.26,월,06.29,목
"456,396원~",06.26,월,06.29,목
"177,363원~",06.26,월,06.29,목
"1,600,000원~",06.27,화,06.30,금
"641,520원~",06.27,화,06.30,금
"513,121원~",06.27,화,06.30,금
"1,039,600원~",06.27,화,06.30,금
"452,114원~",06.27,화,06.30,금
"404,730원~",06.27,화,06.30,금
"317,358원~",06.27,화,06.30,금
"520,463원~",06.27,화,06.30,금
"186,943원~",06.27,화,06.30,금
"194,565원~",06.27,화,06.30,금
"216,364원~",06.27,화,06.30,금
"267,090원~",06.27,화,06.30,금
"828,630원~",06.27,화,06.30,금
"586,500원~",06.27,화,06.30,금
"341,675원~",06.27,화,06.30,금
"907,200원~",06.27,화,06.30,금
"670,131원~",06.27,화,06.30,금
"207,664원~",06.27,화,06.30,금
"318,195원~",06.27,화,06.30,금
"366,668원~",06.27,화,06.30,금
"349,527원~",06.27,화,06.30,금
"215,702원~",06.27,화,06.30,금
"481,089원~",06.27,화,06.30,금
"1,150,000원~",06.27,화,06.30,금
"632,727원~",06.27,화,06.30,금
"167,706원~",06.27,화,06.30,금
"174,795원~",06.27,화,06.30,금
"323,864원~",06.27,화,06.30,금
"122,727원~",06.27,화,06.30,금
"224,169원~",06.27,화,06.30,금
"708,945원~",06.27,화,06.30,금
"460,909원~",06.27,화,06.30,금
"309,174원~",06.27,화,06.30,금
"178,485원~",06.27,화,06.30,금
"241,488원~",06.27,화,06.30,금
"317,976원~",06.27,화,06.30,금
"658,264원~",06.27,화,06.30,금
"212,727원~",06.27,화,06.30,금
"141,114원~",06.27,화,06.30,금
"284,319원~",06.27,화,06.30,금
"213,099원~",06.27,화,06.30,금
"332,628원~",06.27,화,06.30,금
"523,017원~",06.27,화,06.30,금
"182,045원~",06.27,화,06.30,금
"277,363원~",06.27,화,06.30,금
"404,256원~",06.27,화,06.30,금
"679,091원~",06.27,화,06.30,금
"250,980원~",06.27,화,06.30,금
"566,004원~",06.27,화,06.30,금
"456,195원~",06.27,화,06.30,금
"385,936원~",06.27,화,06.30,금
"658,823원~",06.27,화,06.30,금
"193,353원~",06.27,화,06.30,금
"1,239,672원~",06.27,화,06.30,금
"223,557원~",06.27,화,06.30,금
"754,617원~",06.27,화,06.30,금
"436,350원~",06.27,화,06.30,금
"1,176,627원~",06.27,화,06.30,금
"436,909원~",06.27,화,06.30,금
"514,051원~",06.27,화,06.30,금
"203,720원~",06.27,화,06.30,금
"381,818원~",06.27,화,06.30,금
"170,100원~",06.27,화,06.30,금
"248,181원~",06.27,화,06.30,금
"176,037원~",06.27,화,06.30,금
"250,909원~",06.27,화,06.30,금
"200,787원~",06.27,화,06.30,금
"207,119원~",06.27,화,06.30,금
"259,090원~",06.27,화,06.30,금
"318,893원~",06.27,화,06.30,금
"265,539원~",06.27,화,06.30,금
"302,056원~",06.27,화,06.30,금
"197,955원~",06.27,화,06.30,금
"243,501원~",06.27,화,06.30,금
"588,636원~",06.27,화,06.30,금
"190,909원~",06.27,화,06.30,금
"361,812원~",06.27,화,06.30,금
"574,889원~",06.27,화,06.30,금
"235,133원~",06.27,화,06.30,금
"247,935원~",06.27,화,06.30,금
"343,636원~",06.27,화,06.30,금
"409,437원~",06.27,화,06.30,금
"140,472원~",06.27,화,06.30,금
"420,000원~",06.27,화,06.30,금
"331,364원~",06.27,화,06.30,금
"378,348원~",06.27,화,06.30,금
"285,126원~",06.27,화,06.30,금
"229,875원~",06.27,화,06.30,금
"211,488원~",06.27,화,06.30,금
"1,400,784원~",06.27,화,06.30,금
"346,290원~",06.27,화,06.30,금
"245,454원~",06.27,화,06.30,금
"503,415원~",06.27,화,06.30,금
"190,107원~",06.27,화,06.30,금
"190,008원~",06.27,화,06.30,금
"150,156원~",06.27,화,06.30,금
"455,244원~",06.27,화,06.30,금
"173,145원~",06.27,화,06.30,금
"270,000원~",06.27,화,06.30,금
"229,500원~",06.27,화,06.30,금
